	0
0	PF13304.1
1	K16012
2	K12541
3	K16013
4	K13892
5	K13896
6	K02006
7	K02056
8	K10539
9	K02028
10	K15738
11	K02036
12	K02071
13	K10004
14	K09812
15	K10000
16	K10823
17	K02052
18	K11631
19	K06158
20	K09810
21	K11072
22	K06861
23	K15497
24	K12372
25	K01990
26	K02023
27	K02065
28	K15583
29	K02031
30	K15600
31	K11705
32	K02049
33	K09013
34	K12371
35	K06949
36	K05685
37	K11004
38	K12530
39	K12531
40	K14698
41	K14699
42	K13409
43	K12536
44	K06160
45	K11050
46	K11607
47	K09691
48	K02074
49	K09693
50	3.6.3.39
51	3.6.3.32
52	3.6.3.27
53	3.6.3.25
54	3.6.3.31
55	3.6.3.40
56	3.6.3.30
57	TIGR02204
58	TIGR00972
59	TIGR03719
60	TIGR01277
61	TIGR02673
62	TIGR02142
63	TIGR02211
64	TIGR03410
65	TIGR01189
66	TIGR01978
67	TIGR00630
68	TIGR00157
69	TIGR01846
70	TIGR01194
71	TIGR01188
72	K10832
73	K10866
74	K02404
75	K06669
76	K03529
77	K06636
78	K13799
79	K03629
80	K03595
81	K06992
82	ADENYLYLSULFKIN-RXN
83	PF12698.2
84	K11051
85	TIGR01248
86	TIGR00025
87	K09688
88	TIGR03929
89	PF00578.16
90	PF08534.5
91	K11188
92	K11065
93	K03672
94	K02199
95	1.8.4.12
96	TIGR00357
97	PF00266.14
98	K04487
99	K11717
100	K01766
101	K00821
102	K00839
103	K04127
104	TIGR01979
105	TIGR03392
106	TIGR02006
107	TIGR02326
108	K13745
109	K01590
110	K01634
111	K13010
112	PF01053.15
113	K10907
114	K00812
115	K14260
116	K10764
117	K15910
118	K12452
119	2.6.1.92
120	2.6.1.33
121	2.6.1.34
122	2.6.1.90
123	TIGR03588
124	TIGR04181
125	TIGR01324
126	K00281
127	7KAPSYN-RXN
128	PF12895.2
129	K02656
130	K04060
131	K12284
132	K09667
133	TIGR02917
134	K15368
135	TIGR02552
136	K12512
137	TIGR00540
138	PF00515.23
139	K05807
140	K05803
141	PF03704.12
142	TIGR03939
143	K03556
144	PF09976.4
145	TIGR03302
146	PF01636.18
147	PF01633.15
148	K07102
149	PF00069.20
150	K00908
151	2.7.11.1
152	2.7.1.166
153	PF09632.5
154	K11916
155	K14949
156	K15486
157	K03688
158	K11912
159	K11889
160	K08848
161	K04514
162	TIGR01982
163	K15492
164	PF01171.15
165	K04075
166	GMP-SYN-GLUT-RXN
167	6.3.5.2
168	TIGR03573
169	PF00430.13
170	PF06635.7
171	K03223
172	K02411
173	TIGR01144
174	TIGR02499
175	PF01148.15
176	CDPDIGLYSYN-RXN
177	K01845
178	K00643
179	K10915
180	5-AMINOLEVULINIC-ACID-SYNTHASE-RXN
181	GLYOHMETRANS-RXN
182	K06213
183	5.3.1.13
184	TIGR00393
185	PF13442.1
186	PF00034.16
187	TIGR00782
188	PF01266.19
189	PF13738.1
190	K00382
191	K00384
192	K10531
193	K03897
194	K04793
195	1.6.1.1
196	PF12831.2
197	PF03275.8
198	K03153
199	K00219
200	K03387
201	K00383
202	K00231
203	K14257
204	K03184
205	K00278
206	DIHYDLIPOXN-RXN
207	1.8.1.4
208	TIGR01350
209	TIGR02732
210	K03499
211	K05910
212	1.4.3.2
213	1.3.5.5
214	1.14.13.9
215	TIGR01988
216	TIGR01984
217	K00057
218	K07516
219	K08319
220	UGD-RXN
221	6PGLUCONDEHYDROG-RXN
222	1.1.1.157
223	TIGR02437
224	TIGR03026
225	PF13536.1
226	K07790
227	PF13237.1
228	PF12838.2
229	K07311
230	K08346
231	K02573
232	K03855
233	K00371
234	TIGR03149
235	PF13370.1
236	PF00498.21
237	K03220
238	K12281
239	K07169
240	TIGR02500
241	K11913
242	K11894
243	TIGR03354
244	PF01832.15
245	K03796
246	K02395
247	3.2.1.96
248	TIGR02541
249	PF13457.1
250	K13731
251	PF13579.1
252	PF13692.1
253	K14335
254	K15521
255	K12995
256	2.4.1.57
257	TIGR03088
258	TIGR04007
259	K03429
260	K03857
261	K12583
262	K15915
263	K05944
264	K13001
265	K12989
266	2.4.1.250
267	2.4.1.290
268	TIGR02095
269	K12993
270	2.4.1.292
271	2.4.1.291
272	PF08323.6
273	K13003
274	K14368
275	4.3.3.5
276	2.4.1.302
277	2.4.1.278
278	TIGR01426
279	K13677
280	PF12681.2
281	K04750
282	PF01725.11
283	K02428
284	PF13589.1
285	PF00989.19
286	K07654
287	K07652
288	K07769
289	K02482
290	K07638
291	K03572
292	K11520
293	K07636
294	K07716
295	K11357
296	K13587
297	K07708
298	K07704
299	K06596
300	K07653
301	K07655
302	K14978
303	K11629
304	K07679
305	K07768
306	K10942
307	K07710
308	K02668
309	K03407
310	K07645
311	K10125
312	TIGR02966
313	K07315
314	K03776
315	K05875
316	K03721
317	PF14501.1
318	K07706
319	K02659
320	K02622
321	K07681
322	K02584
323	K07682
324	PF00816.16
325	K11685
326	K03746
327	PF13463.1
328	PF12802.2
329	K11924
330	K06075
331	K03709
332	PF01047.17
333	K15973
334	K15974
335	TIGR01889
336	PF13518.1
337	K07668
338	K13584
339	K02485
340	K13599
341	K07670
342	K11329
343	K11443
344	K07772
345	K07667
346	K07685
347	K11618
348	K13491
349	K07714
350	K10943
351	K02658
352	K03413
353	K07669
354	K02667
355	K07671
356	K02657
357	K07776
358	K07774
359	K11384
360	K07661
361	K07695
362	K14979
363	K08083
364	K07688
365	K07687
366	K07690
367	K02405
368	K07782
369	K10126
370	K04333
371	K08087
372	K07684
373	MCPMETEST-RXN
374	3.1.1.61
375	TIGR02154
376	TIGR02875
377	TIGR02985
378	TIGR03020
379	PF08282.7
380	PF01128.14
381	K07757
382	K01534
383	K01533
384	K01547
385	K01537
386	K07281
387	K00973
388	K12956
389	K12950
390	NAG1P-URIDYLTRANS-RXN
391	2.3.1.157
392	2.7.7.60
393	3.6.3.54
394	3.6.3.5
395	3.6.3.2
396	TIGR01173
397	TIGR00099
398	TIGR01489
399	K00208
400	K00076
401	K00023
402	K11610
403	K06123
404	K12506
405	K00971
406	K00216
407	K11049
408	K00019
409	DHBDEHYD-RXN
410	1.3.1.34
411	1.3.1.28
412	TIGR01831
413	TIGR01963
414	TIGR04316
415	K13818
416	K15669
417	K00661
418	K15913
419	K00633
420	K00640
421	K03819
422	SERINE-O-ACETTRAN-RXN
423	GLUC1PURIDYLTRANS-RXN
424	2.7.7.38
425	2.3.1.89
426	2.3.1.129
427	2.3.1.30
428	TIGR01853
429	TIGR04008
430	TIGR02091
431	TIGR03308
432	TIGR03570
433	2.7.7.33
434	2.7.7.24
435	K00983
436	K15899
437	2.7.7.43
438	2.7.7.82
439	TIGR03584
440	TIGR01105
441	PF00753.22
442	PF01473.15
443	K11063
444	K00689
445	TIGR00361
446	TIGR00649
447	TIGR04035
448	K12574
449	K00784
450	TIGR02651
451	PF03279.8
452	TIGR02208
453	PF02169.11
454	PF08139.7
455	K09860
456	PF01810.13
457	K06895
458	K06600
459	PF12704.2
460	PF01978.14
461	PF00027.24
462	PF13545.1
463	K13642
464	K10914
465	TIGR03697
466	PF04703.7
467	PF02470.15
468	K02067
469	K06192
470	PF13411.1
471	K03713
472	K13640
473	TIGR02043
474	PF00149.23
475	K01081
476	TIGR01390
477	TIGR01167
478	K03651
479	K07313
480	K03269
481	3.6.1.54
482	K12350
483	PF04452.9
484	2.1.1.193
485	PF02636.12
486	PF13847.1
487	K00573
488	K00591
489	K02528
490	K00568
491	K15256
492	TIGR01983
493	TIGR01934
494	PF09140.6
495	K03593
496	K04562
497	2.7.10.-
498	TIGR03453
499	TIGR01968
500	TIGR01005
501	TIGR01007
502	K02224
503	K03110
504	K01938
505	TIGR00064
506	K03106
507	K08086
508	K05789
509	TIGR01006
510	TIGR01010
511	PF01618.11
512	K03562
513	K02556
514	TIGR02796
515	TIGR03818
516	PF01957.13
517	PF00114.14
518	PF07963.7
519	K02246
520	K02650
521	K02458
522	K02671
523	K10927
524	K02655
525	K02459
526	K02682
527	K02457
528	K08084
529	K02456
530	K02672
531	K10924
532	K08085
533	K12285
534	K10925
535	K10926
536	TIGR01710
537	TIGR01708
538	PF02613.10
539	K00369
540	TIGR00684
541	PF00881.19
542	PF00668.15
543	K00626
544	K12437
545	K12428
546	K00647
547	K01895
548	K12429
549	K01911
550	K03822
551	K12430
552	K15643
553	K12442
554	K12433
555	K04786
556	K12443
557	K15645
558	K12440
559	K12441
560	K14371
561	K15644
562	K11628
563	K12431
564	K12507
565	K04790
566	K12444
567	K04784
568	K15659
569	K04792
570	K16124
571	K15662
572	K12240
573	K16228
574	K12427
575	K12423
576	K16229
577	K02364
578	K11609
579	K12239
580	K04789
581	K04788
582	K04787
583	K12237
584	K04783
585	K12238
586	K12421
587	K15646
588	K12424
589	O-SUCCINYLBENZOATE-COA-LIG-RXN
590	2.3.1.16
591	2.3.1.179
592	6.1.1.13
593	6.2.1.26
594	2.3.1.41
595	2.3.1.111
596	6.2.1.20
597	2.7.7.58
598	TIGR03150
599	TIGR01734
600	TIGR02275
601	TIGR03605
602	PF01909.18
603	PF14860.1
604	2.7.7.n1
605	2.7.7.n6
606	PF03938.9
607	PF12329.3
608	K06675
609	K10352
610	K09291
611	K13582
612	2.4.1.5
613	K12196
614	K01338
615	K13525
616	K04086
617	K02343
618	K03695
619	K02341
620	K03924
621	K03697
622	K13527
623	3.4.21.53-RXN
624	3.4.21.53
625	TIGR00382
626	TIGR00390
627	TIGR00194
628	TIGR03345
629	TIGR03922
630	PF00213.13
631	K03222
632	TIGR02544
633	PF02753.12
634	PF00345.15
635	K07353
636	K12519
637	K07346
638	K07357
639	PF03740.8
640	2.6.99.2
641	PF00717.18
642	PF07022.8
643	K15773
644	K07727
645	PF13557.1
646	PF01663.17
647	PF00884.18
648	PF13231.1
649	2.4.2.43
650	PF01522.16
651	3.5.1.104
652	K11931
653	TIGR03933
654	PF13360.1
655	PF05567.6
656	PF13519.1
657	K02674
658	PF13540.1
659	PF00415.13
660	K11494
661	K10615
662	K15421
663	K15072
664	PF08239.6
665	K13695
666	K11060
667	K08307
668	TIGR04211
669	PF05036.8
670	K03749
671	K03219
672	K02666
673	K02507
674	K12282
675	TIGR02519
676	TIGR02517
677	TIGR02515
678	TIGR02516
679	PF00440.18
680	K16138
681	K16137
682	PF05690.9
683	PF02581.12
684	PF01207.12
685	K00459
686	K03149
687	K01814
688	PRIBFAICARPISOM-RXN
689	TIGR01919
690	TIGR03572
691	PF13462.1
692	PF03349.11
693	K02014
694	K16089
695	K16088
696	K15721
697	K16090
698	TIGR01786
699	TIGR01783
700	PF13103.1
701	K03646
702	TIGR02794
703	K09257
704	K03765
705	PF13437.1
706	K15727
707	K12542
708	K02005
709	K12537
710	K11003
711	K12532
712	TIGR00999
713	TIGR02971
714	K12340
715	K00658
716	TIGR01347
717	PF07238.9
718	K00694
719	K02160
720	K02676
721	PF00023.25
722	PF13637.1
723	K15502
724	K06694
725	K04984
726	PF02661.13
727	K07117
728	2.1.1.43
729	PF05062.7
730	TIGR01168
731	K01447
732	3.5.1.28-RXN
733	PF08460.5
734	K01318
735	3.4.21.19-RXN
736	3.4.21.19
737	PF04488.10
738	PF12919.2
739	K10930
740	TIGR02523
741	TIGR01707
742	TIGR01711
743	PF04156.9
744	K11547
745	K11558
746	K12289
747	K10400
748	K05363
749	K01875
750	SERINE--TRNA-LIGASE-RXN
751	K09760
752	K07803
753	K12211
754	K02496
755	K12065
756	K10398
757	TIGR00833
758	TIGR00996
759	K12086
760	PF04350.8
761	PF04612.7
762	K02462
763	K09816
764	K05876
765	K05877
766	K10937
767	K02660
768	K10961
769	PF04344.8
770	PF00583.19
771	PF13508.1
772	PF13523.1
773	K09994
774	K00619
775	K03828
776	K00657
777	K02348
778	K03824
779	K15896
780	TIGR03585
781	K03817
782	2.3.1.202
783	PF03895.10
784	PF05662.9
785	K12341
786	K05747
787	PF00975.15
788	K04791
789	2.1.1.163
790	2.3.1.9
791	TIGR00128
792	PF02353.15
793	K03439
794	K15471
795	DHHB-METHYLTRANSFER-RXN
796	2.1.1.222
797	2.1.1.64
798	2.1.1.79
799	TIGR02752
800	TIGR03534
801	TIGR02081
802	TIGR00091
803	2.1.1.201
804	2.1.1.197
805	TIGR00138
806	K03428
807	TIGR01444
808	K15257
809	K12425
810	ISOCHORMAT-RXN
811	3.3.2.1
812	K00575
813	K02661
814	CHER-RXN
815	2.1.1.80
816	PF03865.8
817	K07277
818	K11017
819	K07326
820	PF07161.8
821	K14954
822	PF12937.2
823	PF00646.28
824	PF00092.23
825	K07114
826	PF09013.5
827	K13740
828	K01104
829	K04055
830	PF13946.1
831	TIGR02252
832	PF06306.6
833	PF13704.1
834	K13689
835	PF04888.7
836	K15345
837	K13285
838	K02410
839	TIGR00207
840	PF06013.7
841	PF10824.3
842	K14956
843	TIGR03930
844	K02413
845	PF06511.6
846	K13287
847	TIGR02553
848	TIGR02394
849	PF00293.23
850	K03574
851	K08310
852	K08311
853	K12152
854	K13522
855	K03207
856	TIGR00586
857	PF00126.22
858	K02521
859	K03576
860	K09681
861	K13634
862	K02623
863	K13635
864	K10972
865	PF04353.8
866	PF01531.11
867	PF07922.6
868	UROGENIIISYN-RXN
869	K00785
870	PF00226.26
871	K03686
872	K05516
873	K05801
874	K09512
875	TIGR03835
876	TIGR02349
877	PF05833.6
878	K02952
879	K13792
880	K16042
881	PF05211.7
882	PF02501.12
883	K02460
884	PF11530.3
885	PF04917.7
886	K12810
887	K12286
888	K12277
889	K02673
890	PF05946.7
891	PF08805.6
892	PF03934.8
893	K02237
894	PF10425.4
895	PF00746.16
896	PF02986.9
897	K14194
898	K14192
899	K14201
900	K13733
901	K13732
902	K14195
903	K11238
904	K14196
905	PF13620.1
906	PF13516.1
907	PF12799.2
908	K10130
909	K14319
910	K12800
911	K10281
912	PF04122.7
913	PF12211.3
914	PF09479.5
915	K13730
916	K16175
917	K10641
918	K15353
919	K13791
920	K15343
921	PF13461.1
922	PF06767.6
923	K15354
924	K15347
925	PF03435.13
926	PF13460.1
927	K00290
928	K12445
929	PF07993.7
930	K07748
931	K15789
932	K00091
933	K13013
934	K15912
935	K01711
936	K02473
937	K15894
938	UDPGLUCEPIM-RXN
939	5.1.3.20-RXN
940	4.2.1.135
941	4.2.1.115
942	4.2.1.45
943	TIGR01214
944	TIGR04180
945	TIGR04130
946	TIGR03589
947	PF07996.6
948	PF08363.5
949	TIGR03715
950	TIGR04228
951	TIGR02331
952	K14197
953	TIGR04226
954	K14193
955	TIGR03656
956	TIGR03658
957	TIGR03657
958	TIGR04215
959	K01197
960	3.2.1.169
961	PF05737.7
962	PF02368.13
963	K13734
964	K01727
965	HYALURONATE-LYASE-RXN
966	4.2.2.1
967	K08643
968	3.4.24.13
969	PF12790.2
970	K11906
971	TIGR03352
972	K11918
973	K12205
974	PF00486.23
975	K11521
976	K14983
977	K02488
978	K03415
979	K11630
980	K07707
981	K10920
982	PF12822.2
983	K03202
984	PF04351.8
985	PF13981.1
986	PF13599.1
987	PF00805.17
988	PF13979.1
989	K15352
990	K12209
991	PF01814.18
992	PF13641.1
993	K00752
994	PF10111.4
995	K00745
996	K12983
997	K12988
998	K12999
999	2.4.1.305
1000	2.4.1.293
1001	TIGR03965
1002	TIGR03937
1003	TIGR04017
1004	TIGR01556
1005	K03669
1006	K13005
1007	2.4.1.289
1008	2.4.1.303
1009	2.4.1.287
1010	PF14305.1
1011	PF01129.13
1012	PF03496.9
1013	PF03545.8
1014	PF09020.5
1015	K11044
1016	3.4.24.83
1017	K15366
1018	K11904
1019	TIGR01646
1020	TIGR03361
1021	K05802
1022	PF03062.14
1023	K03739
1024	PF00852.14
1025	PF13535.1
1026	K01961
1027	K01589
1028	K01921
1029	K00602
1030	K01945
1031	K05844
1032	PYRUVATE-CARBOXYLASE-RXN
1033	DALADALALIG-RXN
1034	IMPCYCLOHYDROLASE-RXN
1035	6.3.2.4
1036	2.1.3.2
1037	TIGR00514
1038	TIGR01205
1039	TIGR00355
1040	K13713
1041	SAICARSYN-RXN
1042	4.1.1.21
1043	6.3.2.6
1044	2.1.2.2
1045	6.3.4.13
1046	6.3.3.1
1047	K12455
1048	K10011
1049	K12453
1050	5.1.3.25
1051	TIGR01472
1052	K00773
1053	K03606
1054	TIGR03023
1055	TIGR03025
1056	K00344
1057	K11611
1058	TIGR01289
1059	TIGR01133
1060	2.7.8.31
1061	K01071
1062	K04778
1063	PF07859.8
1064	TRIACYLGLYCEROL-LIPASE-RXN
1065	K01046
1066	PF00561.15
1067	PF11647.3
1068	K08680
1069	K10953
1070	TIGR03695
1071	K01048
1072	K02170
1073	K00641
1074	K01055
1075	K05374
1076	K15649
1077	K12242
1078	K06130
1079	K03821
1080	K05714
1081	K13703
1082	TIGR01249
1083	PF01764.20
1084	K15487
1085	PF00891.13
1086	K02493
1087	K09846
1088	PF02485.16
1089	PF13505.1
1090	K07804
1091	K16078
1092	K06076
1093	PF01389.12
1094	K02557
1095	K16191
1096	K12216
1097	K07275
1098	K10936
1099	PF05736.6
1100	PF07239.6
1101	PF01617.12
1102	PF03797.14
1103	K12678
1104	K12680
1105	K07279
1106	K12681
1107	K12682
1108	K12684
1109	K12683
1110	K12686
1111	TIGR01414
1112	PF04335.8
1113	K03203
1114	K12081
1115	K12095
1116	PF06188.7
1117	K01879
1118	K01347
1119	3.4.21.72-RXN
1120	3.4.21.72
1121	K12679
1122	TIGR01376
1123	K12687
1124	K12685
1125	K12688
1126	PF12334.3
1127	PF02691.10
1128	PF13144.1
1129	K02386
1130	TIGR03170
1131	TIGR03177
1132	PF04886.7
1133	K16087
1134	TIGR01785
1135	TIGR01776
1136	K16152
1137	PF13676.1
1138	PF04101.11
1139	PF13528.1
1140	K02563
1141	2.4.1.227
1142	3.6.1.57
1143	TIGR03590
1144	K11055
1145	PF03433.8
1146	K15344
1147	PF02205.15
1148	PF09424.5
1149	K09117
1150	K02663
1151	K02461
1152	K12280
1153	PF10741.4
1154	K03760
1155	K01002
1156	PF07906.8
1157	PF00577.15
1158	K07354
1159	K12518
1160	PF00165.18
1161	K10778
1162	K13652
1163	K13632
1164	K02099
1165	K02508
1166	K02854
1167	K02855
1168	K06599
1169	K12243
1170	K05372
1171	K13653
1172	K03755
1173	K05804
1174	K14063
1175	K10923
1176	1.14.13.59-RXN
1177	PF05802.6
1178	K15346
1179	K15903
1180	K11005
1181	K06237
1182	K11029
1183	3.4.24.40
1184	PF01755.12
1185	K07270
1186	PF04932.10
1187	PF01203.14
1188	K02463
1189	K13953
1190	K00148
1191	TIGR03989
1192	TIGR01751
1193	K16023
1194	PF01032.13
1195	K02075
1196	TIGR04011
1197	PF01289.14
1198	K11031
1199	PF03495.9
1200	K11030
1201	PF03543.9
1202	K08599
1203	TIGR01586
1204	PF11996.3
1205	PF04183.7
1206	K03894
1207	K03895
1208	6.3.2.39
1209	6.3.2.38
1210	PF05130.7
1211	K02399
1212	PF14393.1
1213	PF01501.15
1214	K03276
1215	K03278
1216	K03279
1217	K00750
1218	PF11051.3
1219	K12107
1220	PF01298.13
1221	PF03567.9
1222	PF04185.9
1223	PHOSPHOLIPASE-C-RXN
1224	3.1.4.3
1225	TIGR03396
1226	PF07271.6
1227	PF05220.7
1228	TIGR03839
1229	PF11104.3
1230	K03569
1231	K03590
1232	TIGR01174
1233	TIGR01175
1234	K12279
1235	PF02876.12
1236	K11040
1237	K11042
1238	K11043
1239	PF03642.8
1240	K14204
1241	K12515
1242	PF13400.1
1243	PF02668.11
1244	K03119
1245	PF00657.17
1246	K15349
1247	K11018
1248	K13790
1249	PF00410.14
1250	PF00620.22
1251	PF13600.1
1252	PF11047.3
1253	K13739
1254	PF03372.18
1255	K01106
1256	TIGR03395
1257	K11014
1258	K01142
1259	3.1.11.2-RXN
1260	K07341
1261	PF04956.8
1262	K03197
1263	K12078
1264	PF03724.11
1265	K03668
1266	PF02918.10
1267	K11024
1268	K11025
1269	PF09025.5
1270	K04052
1271	TIGR02509
1272	PF05591.7
1273	K11901
1274	TIGR03358
1275	PF02575.11
1276	PF01943.12
1277	PF13440.1
1278	K06409
1279	PF08238.7
1280	K15475
1281	K15474
1282	K14026
1283	PF09613.5
1284	TIGR02561
1285	K03528
1286	K14650
1287	PF06416.7
1288	PF13574.1
1289	K12544
1290	PF01478.13
1291	K02464
1292	K02654
1293	K10966
1294	K02506
1295	3.4.23.43
1296	PF01468.12
1297	PF08764.5
1298	K14200
1299	PF01244.16
1300	PF03102.9
1301	K15898
1302	2.5.1.101
1303	2.5.1.97
1304	TIGR03569
1305	TIGR03586
1306	PF04610.9
1307	K03201
1308	K12084
1309	K07344
1310	PF04316.8
1311	K02398
1312	TIGR03824
1313	PF01312.14
1314	K03229
1315	K02401
1316	K13820
1317	K04061
1318	TIGR01404
1319	TIGR00328
1320	TIGR00789
1321	PF05546.6
1322	PF08450.7
1323	K03896
1324	2.3.1.102
1325	PF08988.5
1326	K04050
1327	TIGR02501
1328	PF00419.15
1329	K12517
1330	K07348
1331	K07352
1332	K07351
1333	K07349
1334	K07355
1335	K12523
1336	K12521
1337	K12520
1338	K07350
1339	K07356
1340	PF09160.5
1341	PF05229.10
1342	PF06128.6
1343	PF10997.3
1344	PF01474.11
1345	TIGR01358
1346	K03195
1347	K06236
1348	PF07487.8
1349	K13741
1350	PF01734.17
1351	K15477
1352	K06900
1353	PF01311.15
1354	K03228
1355	K02421
1356	TIGR01401
1357	TIGR01400
1358	K02799
1359	K03118
1360	PF01313.14
1361	K02420
1362	K03227
1363	TIGR01403
1364	TIGR01402
1365	PF13605.1
1366	TIGR02791
1367	PF00482.18
1368	K02653
1369	K02505
1370	K02455
1371	K12278
1372	K10934
1373	TIGR02120
1374	PF01973.13
1375	PF00813.15
1376	K03226
1377	K02419
1378	TIGR01102
1379	PF05372.6
1380	K11039
1381	PF07373.6
1382	K11045
1383	PF11966.3
1384	PF04989.7
1385	PF05377.6
1386	PF05050.7
1387	K00595
1388	PF03347.8
1389	K11019
1390	PF13485.1
1391	3.4.24.3-RXN
1392	PF01856.12
1393	K15848
1394	K15845
1395	K15847
1396	K15843
1397	K15844
1398	PF06622.6
1399	K03225
1400	PF01052.15
1401	K02416
1402	K02417
1403	TIGR02480
1404	TIGR02551
1405	TIGR01397
1406	PF08660.6
1407	K07276
1408	PF02811.14
1409	K07053
1410	K02847
1411	PF07883.6
1412	MANNPGUANYLTRANGDP-RXN
1413	PF05547.6
1414	PF09471.5
1415	PF05936.7
1416	K11893
1417	TIGR03353
1418	K09997
1419	K10039
1420	K02424
1421	K13243
1422	PF03781.11
1423	PF11439.3
1424	PF02698.12
1425	PF06580.8
1426	K08082
1427	PF00765.12
1428	K13061
1429	K13060
1430	PF04954.8
1431	PF02743.13
1432	PF07419.7
1433	PF03572.13
1434	K03797
1435	3.4.21.102
1436	PF00771.15
1437	K02400
1438	K03230
1439	TIGR01399
1440	TIGR01398
1441	PF05704.7
1442	PF02534.9
1443	K03205
1444	K12090
1445	TIGR02767
1446	K12217
1447	PF05932.8
1448	K04049
1449	TIGR02513
1450	TIGR02503
1451	PF09392.5
1452	K04053
1453	TIGR02497
1454	TIGR02105
1455	K03221
1456	PF03498.9
1457	K11015
1458	K11013
1459	PF14200.1
1460	K13714
1461	PF10610.4
1462	K04336
1463	PF07811.7
1464	K12513
1465	PF04964.9
1466	PF07321.7
1467	K04056
1468	PF02050.11
1469	TIGR02559
1470	PF04619.7
1471	PF03333.8
1472	PF13994.1
1473	PF03621.8
1474	K05375
1475	K16227
1476	PF09599.5
1477	K13286
1478	PF09264.5
1479	K01186
1480	3.2.1.18-RXN
1481	PF01442.13
1482	PF05400.8
1483	K02423
1484	K06604
1485	PF08794.5
1486	PF03631.10
1487	TIGR00765
1488	PF06366.8
1489	K03516
1490	PF05721.8
1491	TIGR01762
1492	PF02794.11
1493	K07389
1494	PF05844.7
1495	PF09052.5
1496	K13284
1497	PF06578.7
1498	K04054
1499	PF09482.5
1500	TIGR02555
1501	PF12277.3
1502	PF04792.7
1503	PF07395.6
1504	PF12892.2
1505	TIGR03786
1506	PF03421.11
1507	K08598
1508	K13478
1509	PF03992.11
1510	1.14.99.48
1511	PF03536.10
1512	K13450
1513	PF09480.5
1514	TIGR02554
1515	PF02917.9
1516	K11023
1517	PF13229.1
1518	K07218
1519	5.1.3.-
1520	PF05134.8
1521	PF12693.2
1522	PF02049.13
1523	K02408
1524	TIGR00205
1525	PF03504.8
1526	PF03497.11
1527	PF03646.10
1528	K06603
1529	PF09474.5
1530	TIGR02502
1531	PF05302.6
1532	PF00267.16
1533	K08720
1534	K14062
1535	K09475
1536	K16076
1537	PF01950.11
1538	PF11186.3
1539	PF05593.9
1540	K11021
1541	PF06864.7
1542	PF05947.7
1543	K11896
1544	TIGR03359
1545	K12790
1546	K13735
1547	PF05925.7
1548	PF04166.7
1549	K00097
1550	1.1.1.262
1551	TIGR00557
1552	PF07201.6
1553	K04058
1554	TIGR02568
1555	PF09059.5
1556	PF02623.10
1557	PF03100.10
1558	K02197
1559	PF09850.4
1560	K11892
1561	TIGR03349
1562	PF12252.3
1563	K15473
1564	PF02163.17
1565	K04772
1566	K04771
1567	K08372
1568	K04691
1569	TIGR00054
1570	TIGR02038
1571	TIGR02037
1572	PF05101.8
1573	K03198
1574	K12079
1575	K12068
1576	PF10671.4
1577	K10962
1578	TIGR03748
1579	PF01375.12
1580	K10928
1581	PF05775.7
1582	PF03284.8
1583	PF05563.7
1584	PF01774.12
1585	K03190
1586	PF03734.9
1587	PF04230.8
1588	K00102
1589	UDPNACETYLMURAMATEDEHYDROG-RXN
1590	1.3.1.98
1591	TIGR00179
1592	PF03888.9
1593	PF03767.9
1594	PF00314.12
1595	PF09619.5
1596	TIGR02567
1597	PF07180.6
1598	PF11546.3
1599	PF02495.12
1600	PF10462.4
1601	PF03482.8
1602	PF11182.3
1603	PF05860.8
1604	K15125
1605	K11016
1606	TIGR01901
1607	PF07824.7
1608	PF12718.2
1609	PF01117.15
1610	PF03318.8
1611	PF15644.1
1612	PF09961.4
1613	PF07577.6
1614	PF08817.5
1615	TIGR03920
1616	TIGR02882
1617	PF13672.1
1618	PF12097.3
1619	K10964
1620	PF13362.1
1621	PF06977.6
1622	PF02048.11
1623	PF04741.7
1624	PF06069.6
1625	PF04449.7
1626	PF12059.3
1627	PF09028.5
1628	PF13539.1
1629	PF01441.14
1630	K05967
1631	PF14891.1
1632	K08644
1633	3.4.24.69-RXN
1634	3.4.24.68-RXN
1635	3.4.24.69
1636	3.4.24.68
1637	PF08090.6
1638	PF13327.1
1639	PF07581.7
1640	PF08786.6
1641	PF05108.8
1642	TIGR03919
1643	PF02510.9
1644	PF12574.3
1645	PF06523.6
1646	PF14855.1
1647	PF07434.6
1648	PF03519.9
1649	PF14897.1
1650	PF08408.5
1651	PF06041.6
1652	PF10106.4
1653	PF05538.6
1654	PF08929.5
1655	PF14282.1
1656	PF14093.1
1657	PF05141.7
1658	PF11550.3
1659	PF05058.7
1660	PF01744.15
1661	PF13079.1
1662	PF09621.5
1663	TIGR02572
1664	PF09413.5
1665	PF08017.6
1666	PF00617.14
1667	PF05689.6
1668	PF07216.7
1669	TIGR02573
1670	PF06590.6
1671	PF13930.1
1672	K15051
1673	3.1.21.1-RXN
1674	PF09143.5
1675	PF09037.5
1676	K13052
1677	K10954
1678	PF14011.1
1679	PF11441.3
1680	PF13573.1
1681	PF13387.1
1682	PF06066.6
1683	PF05555.6
1684	PF13475.1
1685	K03199
1686	K12080
1687	TIGR00929
1688	PF02467.11
1689	PF05150.7
1690	PF09023.5
1691	PF13678.1
1692	PF02090.10
1693	PF14296.1
1694	PF04991.8
1695	K07271
1696	PF01709.15
1697	TIGR01033
1698	PF08020.6
1699	PF14264.1
1700	PF05488.8
1701	PF13665.1
1702	PF07065.9
1703	PF03963.9
1704	K02389
1705	K06872
1706	PF02120.11
1707	K02414
1708	TIGR02514
1709	K04057
1710	PF09255.5
1711	PF14113.1
1712	K03772
1713	K03774
1714	K03775
1715	TIGR00959
1716	TIGR01420
1717	K03650
1718	K02450
1719	K02472
1720	K02474
1721	GDP-MANNOSE-6-DEHYDROGENASE-RXN
1722	1.1.1.136
1723	1.1.1.132
1724	K11144
1725	K03702
1726	K02454
1727	K02652
1728	K13643
1729	TIGR02944
1730	TIGR00738
1731	K00146
1732	K14269
1733	K00131
1734	K08324
1735	K00147
1736	1.2.1.9-RXN
1737	ACETALD-DEHYDROG-RXN
1738	1.2.1.79
1739	TIGR01804
1740	K00855
1741	K03979
1742	TIGR02729
1743	TIGR01026
1744	K10763
1745	K02669
1746	K12083
1747	K02670
1748	K02504
1749	K12276
1750	K10965
1751	K12203
1752	TIGR03420
1753	TIGR02788
1754	TIGR02782
1755	TIGR02533
1756	TIGR02524
1757	TIGR02525
1758	K12283
1759	TIGR00150
1760	TIGR01967
1761	K06865
1762	K06925
1763	K06923
1764	K02111
1765	K02133
1766	K02112
1767	K02132
1768	K03628
1769	K03224
1770	K02412
1771	TIGR01039
1772	TIGR00962
1773	TIGR00767
1774	TIGR03497
1775	TIGR02546
1776	TIGR03496
1777	TIGR03498
1778	K03977
1779	K03978
1780	K14540
1781	K06942
1782	K06943
1783	TIGR03594
1784	TIGR00436
1785	TIGR03598
1786	TIGR00450
1787	TIGR03596
1788	K02519
1789	K02837
1790	K00955
1791	3.6.5.n1
1792	TIGR00484
1793	TIGR01394
1794	TIGR01393
1795	TIGR00503
1796	TIGR00487
1797	TIGR00475
1798	K14338
1799	K00517
1800	K15981
1801	K00513
1802	1.14.13.141
1803	K02552
1804	K01665
1805	K03342
1806	K13503
1807	K01851
1808	K13063
1809	4.2.99.21
1810	TIGR00553
1811	TIGR03494
1812	ANTHRANSYN-RXN
1813	K01664
1814	K01951
1815	K13497
1816	TIGR01368
1817	K03152
1818	K07010
1819	TIGR00313
1820	TIGR01855
1821	K01937
1822	TIGR00337
1823	TIGR01737
1824	K03768
1825	TIGR02818
1826	2.3.1.174
1827	K02688
1828	K10941
1829	K11917
1830	K11914
1831	K11908
1832	K03557
1833	TIGR02031
1834	K07781
1835	K06597
1836	K06598
1837	K03798
1838	K03551
1839	TIGR00368
1840	K02198
1841	TIGR03144
1842	K00375
1843	K00813
1844	K00832
1845	K04720
1846	HISTAMINOTRANS-RXN
1847	TIGR01140
1848	TIGR03542
1849	K02396
1850	K02390
1851	K02392
1852	TIGR02492
1853	TIGR02488
1854	K03581
1855	K03631
1856	TIGR00611
1857	6.3.2.1
1858	TIGR00018
1859	K00891
1860	K00945
1861	K13829
1862	2.7.4.9
1863	K01564
1864	K01468
1865	K01466
1866	K01465
1867	K07047
1868	K08710
1869	K01443
1870	ALLANTOINASE-RXN
1871	TIGR00857
1872	TIGR01792
1873	K06019
1874	K08726
1875	K01091
1876	TIGR01993
1877	K01089
1878	K02566
1879	TIGR00213
1880	K07015
1881	K13019
1882	K08068
1883	5.1.3.23
1884	3.2.1.184
1885	TIGR00236
1886	TIGR03568
1887	CPM-KDOSYNTH-RXN
1888	2.4.99.13
1889	2.4.99.12
1890	K00980
1891	K00852
1892	K00856
1893	K00874
1894	2.7.7.39-RXN
1895	2.7.1.15
1896	2.7.7.70
1897	2.7.7.39
1898	TIGR02199
1899	TIGR02198
1900	TIGR03828
1901	TIGR03168
1902	K00941
1903	2.7.1.20
1904	K06211
1905	K00969
1906	TIGR00482
1907	TIGR01510
1908	K09808
1909	K09811
1910	K01835
1911	K03431
1912	PHOSMANMUT-RXN
1913	5.4.2.10
1914	5.4.2.2
1915	TIGR03990
1916	TIGR01132
1917	K03699
1918	K06189
1919	K00605
1920	TIGR01318
1921	K00609
1922	K00611
1923	ORNCARBAMTRANSFER-RXN
1924	K00764
1925	K00820
1926	K01950
1927	K01916
1928	L-GLN-FRUCT-6-P-AMINOTRANS-RXN
1929	PRPPAMIDOTRANS-RXN
1930	2.6.1.16
1931	TIGR01135
1932	K04618
1933	K08368
1934	K05819
1935	K08151
1936	K08221
1937	K08167
1938	K08195
1939	K02575
1940	TIGR00710
1941	K08159
1942	K03762
1943	K08225
1944	K03535
1945	K02445
1946	K03761
1947	K13021
1948	K03292
1949	K03449
1950	TIGR00883
1951	TIGR00886
1952	K02429
1953	K03305
1954	K11069
1955	K02055
1956	K02027
1957	TIGR03261
1958	K02034
1959	K02053
1960	K11070
1961	K02054
1962	K02018
1963	K05814
1964	K02047
1965	TIGR01253
1966	K02038
1967	K02029
1968	K02037
1969	TIGR02138
1970	TIGR00974
1971	K01151
1972	K14647
1973	K14743
1974	3.4.21.110
1975	K12053
1976	K12108
1977	K12257
1978	K03072
1979	K03074
1980	TIGR01129
1981	K01928
1982	K01925
1983	K15792
1984	K01924
1985	K11754
1986	TIGR04012
1987	K00912
1988	2.7.1.130
1989	K03294
1990	K03293
1991	K03758
1992	K16238
1993	TIGR03810
1994	TIGR03813
1995	K02452
1996	TIGR01713
1997	K14170
1998	K04092
1999	K04782
2000	K04516
2001	TIGR01803
2002	K01139
2003	K00951
2004	K07816
2005	PPGPPSYN-RXN
2006	2.7.6.5
2007	TIGR00691
2008	K01433
2009	K00607
2010	METHIONYL-TRNA-FORMYLTRANSFERASE-RXN
2011	FORMYLTHFDEFORMYL-RXN
2012	TIGR00460
2013	TIGR00639
2014	K00648
2015	TIGR02445
2016	K00869
2017	K00872
2018	K00938
2019	HOMOSERKIN-RXN
2020	2.7.1.168
2021	TIGR00549
2022	TIGR01220
2023	K07309
2024	K05299
2025	TIGR01580
2026	K00819
2027	K07250
2028	K00836
2029	DAPASYN-RXN
2030	2.6.1.11
2031	5.4.3.8
2032	TIGR00713
2033	TIGR00709
2034	K03644
2035	K03639
2036	K06139
2037	K11780
2038	2.8.1.6-RXN
2039	2.8.1.8
2040	TIGR00510
2041	TIGR02351
2042	TIGR02666
2043	K07784
2044	K08297
2045	K00252
2046	K09456
2047	K11731
2048	K00249
2049	ACYLCOADEHYDROG-RXN
2050	ACYL-COA-DEHYDROGENASE-NADP+-RXN
2051	1.3.99.-
2052	K02234
2053	TIGR00235
2054	TIGR00101
2055	K01935
2056	K13788
2057	DETHIOBIOTIN-SYN-RXN
2058	PHOSACETYLTRANS-RXN
2059	6.3.3.3
2060	K04517
2061	1.1.1.94
2062	1.1.1.44
2063	TIGR00872
2064	TIGR01499
2065	K08259
2066	K08642
2067	K03810
2068	K00010
2069	K13016
2070	1.1.1.335
2071	TIGR03944
2072	K04785
2073	K12241
2074	TIGR00517
2075	K12543
2076	K12538
2077	K08721
2078	K07796
2079	K00995
2080	K03089
2081	K03090
2082	TIGR02392
2083	TIGR02479
2084	K03497
2085	TIGR02943
2086	K13940
2087	K00950
2088	K01673
2089	K02441
2090	K03480
2091	K03491
2092	K01783
2093	TIGR01163
2094	K07258
2095	K01286
2096	K07262
2097	K01453
2098	K02617
2099	K08698
2100	K08279
2101	2.3.1.203
2102	TETHYDPICSUCC-RXN
2103	2.3.1.201
2104	TIGR00965
2105	K00997
2106	2.7.8.7
2107	TIGR00556
2108	K10105
2109	2.3.1.181
2110	K01585
2111	K01581
2112	4.1.1.20
2113	4.1.1.96
2114	K02433
2115	K01426
2116	TIGR00132
2117	K07106
2118	IMP-DEHYDROG-RXN
2119	1.1.1.205
2120	K12961
2121	K03733
2122	K04763
2123	K14059
2124	K07358
2125	TIGR02225
2126	K02495
2127	K04034
2128	TIGR01579
2129	TIGR00539
2130	TIGR04107
2131	K03101
2132	3.4.23.36
2133	TIGR00077
2134	K06959
2135	K11605
2136	K11606
2137	K06286
2138	K11037
2139	K11033
2140	K11034
2141	K11035
2142	K01637
2143	ISOCIT-CLEAV-RXN
2144	TIGR01346
2145	K04068
2146	TIGR03470
2147	K04773
2148	K01358
2149	3.4.21.92
2150	K03771
2151	K03770
2152	K03604
2153	K03487
2154	K03485
2155	TIGR01481
2156	K01200
2157	K00700
2158	K01236
2159	K05343
2160	K01182
2161	K06044
2162	TRE6PHYDRO-RXN
2163	3.2.1.141
2164	5.4.99.16
2165	TIGR02403
2166	TIGR02402
2167	K06016
2168	TIGR03176
2169	TIGR00180
2170	TIGR02947
2171	K08309
2172	K03194
2173	K07090
2174	K12100
2175	TIGR00797
2176	K01000
2177	K02851
2178	2.7.8.33
2179	2.7.8.13
2180	TIGR00445
2181	TIGR02380
2182	K04051
2183	TIGR02508
2184	K00946
2185	THI-P-KIN-RXN
2186	TIGR01736
2187	TIGR01379
2188	TIGR00476
2189	K01627
2190	TIGR01362
2191	K01448
2192	TIGR02520
2193	K03466
2194	TIGR03925
2195	TIGR03924
2196	K01429
2197	K01430
2198	K14048
2199	K03570
2200	K14394
2201	K03741
2202	K07497
2203	K01716
2204	3-HYDROXYDECANOYL-ACP-DEHYDR-RXN
2205	TIGR01750
2206	TIGR01749
2207	K09826
2208	K09825
2209	K01442
2210	CHOLOYLGLYCINE-HYDROLASE-RXN
2211	K01787
2212	K15490
2213	K12206
2214	K11604
2215	K11704
2216	K09818
2217	K02415
2218	K11036
2219	K02391
2220	K02388
2221	TIGR02489
2222	TIGR01395
2223	TIGR01396
2224	K02387
2225	K15481
2226	K02409
2227	TIGR00206
2228	K11890
2229	K02849
2230	K02407
2231	K12210
2232	K11891
2233	TIGR03348
2234	K02406
2235	K02397
2236	TIGR02550
2237	K10963
2238	K02451
2239	K11898
2240	K15914
2241	K13012
2242	2.7.8.36
2243	K12082
2244	K12048
2245	K12092
2246	K10931
2247	K07214
2248	K07017
2249	TIGR02346
2250	K03162
2251	K15476
2252	TIGR01076
2253	K12099
2254	K08076
2255	K12220
2256	K13688
2257	K12093
2258	K12085
2259	TIGR02781
2260	K12049
2261	K12212
2262	K03803
2263	K07227
2264	K07225
2265	TIGR01688
2266	K08990
2267	K01401
2268	K08605
2269	3.4.24.26-RXN
2270	3.4.24.30-RXN
2271	3.4.24.25
2272	3.4.24.29
2273	3.4.24.26
2274	3.4.24.30
2275	K02194
2276	TIGR01190
2277	K13110
2278	K06220
2279	K12516
2280	TIGR00350
2281	K13742
2282	K13743
2283	K12787
2284	K13925
2285	4.2.2.15
2286	K13192
2287	K12269
2288	K12208
2289	K12207
2290	K14728
2291	K01007
2292	2.7.3.9-RXN
2293	TIGR01418
2294	K15479
2295	K11900
2296	TIGR03355
2297	K07282
2298	K13836
2299	K07268
2300	K06214
2301	K12105
2302	K12103
2303	2.3.1.122
2304	K11911
2305	K11910
2306	K11902
2307	TIGR03363
2308	TIGR03362
2309	K02402
2310	K03411
2311	K11048
2312	K10932
2313	K10938
2314	K04080
2315	K13993
2316	K04062
2317	K06077
2318	K10933
2319	TIGR03021
2320	K12784
2321	K02418
2322	K12225
2323	K11056
2324	K12797
2325	K12097
2326	K12223
2327	K02066
2328	K04565
2329	K04334
2330	K04335
2331	K07052
2332	K06940
2333	K12789
2334	K12786
2335	K12593
2336	K03933
2337	K15350
2338	K15351
2339	K15488
2340	K10599
2341	K11038
2342	K11032
2343	K10948
2344	TIGR01002
2345	K02465
2346	TIGR01004
2347	K11009
2348	K15484
2349	K12514
2350	K11897
2351	K11905
2352	TIGR03357
2353	K00681
2354	K11022
2355	K00483
2356	K12214
2357	K12215
2358	K15482
2359	K15483
2360	K11008
2361	K10929
2362	K05373
2363	TIGR02718
2364	K02196
2365	K10973
2366	TIGR02431
2367	TIGR03926
2368	K12982
2369	TIGR02201
2370	K11052
2371	K11020
2372	K11058
2373	K12224
2374	K07154
2375	K03181
2376	4.1.3.40
2377	K03191
2378	K14410
2379	K12101
2380	K04337
2381	K02403
2382	K14202
2383	K13793
2384	K08088
2385	K06858
2386	TIGR03659
2387	K12522
2388	K12089
2389	K14745
2390	K15842
2391	K01525
2392	K03187
2393	K12098
2394	K01178
2395	K16041
2396	K02394
2397	K12788
2398	K12809
2399	K12785
2400	K12091
2401	K12221
2402	K03563
2403	TIGR00202
2404	K11011
2405	K08566
2406	K13520
2407	3.4.23.48
2408	K11895
2409	TIGR03347
2410	K02044
2411	TIGR00363
2412	K06602
2413	K11007
2414	K12104
2415	K07215
2416	K12213
2417	K08600
2418	TIGR03064
2419	K08587
2420	TIGR02806
2421	K15367
2422	K11027
2423	K12219
2424	K11046
2425	K02675
2426	K06601
2427	K10532
2428	K12247
2429	K07266
2430	K07265
2431	K06137
2432	K12106
2433	K03188
2434	K10919
2435	K13715
2436	K08258
2437	K11026
2438	K15491
2439	K04048
2440	K02425
2441	TIGR03823
2442	K12202
2443	TIGR04346
2444	K12470
2445	K02393
2446	K12763
2447	K16081
2448	K12548
2449	TIGR03661
2450	K04524
2451	K08757
2452	K07813
2453	K12102
2454	K11006
2455	K10939
2456	K12109
2457	K14198
2458	K12096
2459	K11012
2460	K15126
2461	K12204
2462	K15478
2463	K02422
2464	TIGR00208
2465	K12094
2466	K12287
2467	K07116
2468	3.5.1.97
2469	K06887
2470	K11903
2471	K10952
2472	K11010
2473	K12218
2474	K04338
2475	K08239
2476	K10935
2477	K11128
2478	K12088
2479	K12222
2480	K12110
2481	K11047
2482	PMPOXI-RXN
2483	TIGR00558
2484	LIPIDADISACCHARIDESYNTH-RXN
2485	TIGR00215
2486	PGLUCISOM-RXN
2487	BIOTINLIG-RXN
2488	6.3.4.15
2489	TIGR00121
2490	2.7.8.12-RXN
2491	2.7.8.12
2492	PHOSPHOLIPASE-A1-RXN
2493	3.1.4.10-RXN
2494	4.6.1.13
2495	RXN-11372
2496	PHOSCHOL-RXN
2497	1.1.1.130
2498	1.1.1.350
2499	2.5.1.31
2500	2.5.1.86
2501	2.5.1.68
2502	3.4.22.10
2503	1.11.1.21
2504	TIGR00198
2505	4.4.1.21
2506	4.2.2.3
2507	5.3.3.17
2508	4.3.2.3
2509	TIGR03834
2510	TIGR03836
2511	TIGR01221
2512	TIGR00223
2513	TIGR00278
2514	TIGR03866
2515	TIGR01741
2516	TIGR03604
2517	TIGR02498
2518	TIGR03360
2519	TIGR00546
2520	TIGR03923
2521	TIGR03932
2522	TIGR01409
2523	TIGR03927
2524	TIGR03897
2525	TIGR03893
2526	TIGR03603
2527	TIGR03755
