	Query
0	PF13304.1
1	K16012
2	K12541
3	K16013
4	K13892
5	K13896
6	K02006
7	K02056
8	K10539
9	K02028
10	K15738
11	K02036
12	K02071
13	K10004
14	K09812
15	K10000
16	K10823
17	K02052
18	K11631
19	K06158
20	K09810
21	K11072
22	K06861
23	K15497
24	K12372
25	K01990
26	K02023
27	K02065
28	K15583
29	K02031
30	K15600
31	K11705
32	K02049
33	K09013
34	K12371
35	K06949
36	K03629
37	K05685
38	K11004
39	K12530
40	K12531
41	K14698
42	K14699
43	K13409
44	K12536
45	K06160
46	K11050
47	K11607
48	K09691
49	K02074
50	K09693
51	3.6.3.39
52	3.6.3.32
53	3.6.3.27
54	3.6.3.25
55	3.6.3.31
56	3.6.3.40
57	3.6.3.30
58	TIGR02204
59	TIGR00972
60	TIGR03719
61	TIGR01277
62	TIGR02673
63	TIGR02142
64	TIGR02211
65	TIGR03410
66	TIGR01189
67	TIGR01978
68	TIGR00630
69	TIGR00157
70	TIGR01846
71	TIGR01194
72	TIGR01188
73	K10832
74	K03199
75	K10866
76	K06669
77	TIGR00041
78	K00945
79	K02404
80	K03631
81	TIGR03420
82	K06636
83	K03977
84	K03978
85	K03650
86	K00855
87	TIGR00152
88	K00891
89	K03595
90	TIGR03598
91	TIGR03497
92	K03529
93	TIGR00611
94	K13799
95	ADENYL-KIN-RXN
96	K03224
97	K06211
98	K06675
99	K03979
100	TIGR02729
101	K06992
102	ADENYLYLSULFKIN-RXN
103	K03665
104	TIGR01026
105	K08307
106	K00791
107	K06865
108	K02669
109	K02670
110	K02454
111	K02504
112	K02652
113	K12276
114	K10965
115	K12203
116	K12283
117	K02450
118	TIGR02788
119	TIGR02782
120	TIGR02533
121	TIGR01420
122	TIGR02524
123	TIGR02525
124	PF12698.2
125	K11051
126	TIGR01248
127	TIGR00025
128	K09688
129	TIGR03929
130	K05789
131	2.7.10.-
132	TIGR01005
133	TIGR01006
134	PF00578.16
135	PF08534.5
136	K11188
137	K11065
138	K03672
139	K03671
140	K02199
141	1.8.4.12
142	TIGR01068
143	TIGR00357
144	PF00266.14
145	K04487
146	K11717
147	K01766
148	K00821
149	K00839
150	K04127
151	TIGR01979
152	TIGR03392
153	TIGR02006
154	TIGR02326
155	K10907
156	K13745
157	K01590
158	K01634
159	K13010
160	PF01053.15
161	K00812
162	K14260
163	K10764
164	K15910
165	K12452
166	2.6.1.92
167	2.6.1.33
168	2.6.1.34
169	2.6.1.90
170	TIGR03588
171	TIGR04181
172	TIGR01324
173	K00281
174	K04720
175	7KAPSYN-RXN
176	K00375
177	K00813
178	K00832
179	HISTAMINOTRANS-RXN
180	TIGR01140
181	TIGR03542
182	K06213
183	5.3.1.13
184	TIGR00393
185	PF12895.2
186	PF03704.12
187	PF03279.8
188	K02656
189	K04060
190	K12284
191	K12512
192	K09667
193	TIGR02917
194	PF00515.23
195	K15368
196	TIGR02552
197	PF05036.8
198	TIGR00540
199	PF09976.4
200	K05807
201	K05803
202	K09257
203	TIGR03302
204	TIGR03939
205	K03556
206	PF01636.18
207	PF01633.15
208	K07102
209	PF00069.20
210	K00908
211	2.7.11.1
212	2.7.1.166
213	PF00092.23
214	PF13519.1
215	K03688
216	K11912
217	K11916
218	K14949
219	K11889
220	K08848
221	K07114
222	K04514
223	PF09632.5
224	K15486
225	TIGR01982
226	K15492
227	PF01171.15
228	K04075
229	GMP-SYN-GLUT-RXN
230	6.3.5.2
231	TIGR03573
232	PF00430.13
233	PF06635.7
234	K03223
235	K02411
236	TIGR01144
237	TIGR02499
238	PF00364.17
239	PF13437.1
240	K15727
241	K12542
242	K00627
243	K00658
244	K02160
245	K01960
246	K02005
247	K12537
248	K11003
249	TIGR00999
250	TIGR02971
251	K12532
252	RXN0-1133
253	K12340
254	PF13812.1
255	PF01148.15
256	CDPDIGLYSYN-RXN
257	K01845
258	K00643
259	K10915
260	5-AMINOLEVULINIC-ACID-SYNTHASE-RXN
261	GLYOHMETRANS-RXN
262	PF13442.1
263	PF00034.16
264	TIGR00782
265	PF01266.19
266	PF13738.1
267	K00382
268	K00384
269	K00219
270	K05910
271	K03387
272	K00231
273	K10531
274	K03897
275	K04793
276	DIHYDLIPOXN-RXN
277	1.6.1.1
278	TIGR01292
279	PF12831.2
280	PF03275.8
281	K03153
282	K00383
283	K14257
284	K03184
285	K00278
286	1.8.1.4
287	TIGR01350
288	TIGR02732
289	TIGR01421
290	K03885
291	K03499
292	K04517
293	1.4.3.2
294	1.3.5.5
295	1.14.13.9
296	K00311
297	TIGR01988
298	TIGR01984
299	K03219
300	K02666
301	K02507
302	K12282
303	TIGR02519
304	TIGR02517
305	TIGR02515
306	TIGR02516
307	K00057
308	K07516
309	K08319
310	K02472
311	UGD-RXN
312	6PGLUCONDEHYDROG-RXN
313	1.1.1.157
314	TIGR02437
315	TIGR03026
316	PF13536.1
317	K07790
318	PF13237.1
319	PF12838.2
320	K07311
321	K08346
322	K05524
323	K00176
324	K02573
325	K03855
326	K00371
327	TIGR03149
328	PF13370.1
329	PF00498.21
330	K03220
331	K12281
332	K07169
333	TIGR02500
334	K11913
335	K11894
336	TIGR03354
337	K02451
338	PF01832.15
339	K03796
340	K02395
341	3.2.1.96
342	TIGR02541
343	PF08239.6
344	PF13457.1
345	K13731
346	PF13579.1
347	PF13692.1
348	K14335
349	K12583
350	K15521
351	K12995
352	2.4.1.57
353	TIGR03088
354	TIGR04007
355	K03429
356	TIGR02095
357	K03857
358	K15915
359	K05944
360	K13001
361	K12989
362	2.4.1.250
363	2.4.1.290
364	K12993
365	2.4.1.292
366	2.4.1.291
367	PF08323.6
368	K13003
369	K14368
370	4.3.3.5
371	2.4.1.302
372	2.4.1.278
373	TIGR01426
374	K13677
375	PF12681.2
376	K04750
377	PF01725.11
378	K02428
379	PF13589.1
380	PF00989.19
381	K07654
382	K07652
383	K07769
384	K02482
385	K07638
386	K03572
387	K11520
388	K07636
389	K07716
390	K11357
391	K13587
392	K07708
393	K07704
394	K06596
395	K07653
396	K07655
397	K14978
398	K11629
399	K07679
400	K07768
401	K10942
402	K07710
403	K02668
404	K03407
405	K07645
406	K10125
407	TIGR02966
408	K07315
409	K03776
410	K05875
411	K03721
412	K07706
413	PF14501.1
414	K07681
415	K02659
416	PF06252.7
417	PF01923.13
418	K02470
419	K02622
420	K02584
421	K07682
422	PF00816.16
423	K11685
424	K03746
425	PF13463.1
426	PF12802.2
427	K11924
428	K06075
429	K03709
430	PF01047.17
431	K15973
432	K15974
433	TIGR01889
434	PF01978.14
435	PF00027.24
436	PF13545.1
437	K13642
438	K10914
439	TIGR03697
440	PF13518.1
441	K07668
442	K13584
443	K02485
444	K13599
445	K07670
446	K11329
447	K11443
448	K07772
449	K07667
450	K07685
451	K11618
452	K13491
453	K07714
454	K10943
455	K02658
456	K03413
457	K07669
458	K02667
459	K07671
460	K02657
461	K07776
462	K07774
463	K11384
464	K07661
465	K07695
466	K14979
467	K08083
468	K07688
469	K07687
470	K07690
471	K02405
472	K07782
473	K10126
474	K04333
475	K07781
476	K08087
477	K07684
478	MCPMETEST-RXN
479	3.1.1.61
480	TIGR02154
481	TIGR02875
482	TIGR02985
483	TIGR03020
484	K11521
485	K14983
486	K02688
487	K02488
488	K03924
489	K03415
490	K10941
491	K11630
492	K11917
493	K07707
494	K11914
495	K11908
496	3.4.21.53
497	TIGR02031
498	PF08282.7
499	PF01128.14
500	K12506
501	K07757
502	K01534
503	K01533
504	K01547
505	K01537
506	K07281
507	K00973
508	K12956
509	K12950
510	K01091
511	NAG1P-URIDYLTRANS-RXN
512	2.3.1.157
513	2.7.7.60
514	3.6.3.54
515	3.6.3.5
516	3.6.3.2
517	TIGR01173
518	TIGR00099
519	TIGR01489
520	K03270
521	K00208
522	K00076
523	K00023
524	K11610
525	K06123
526	K00971
527	K00216
528	K11049
529	K00019
530	DHBDEHYD-RXN
531	1.3.1.34
532	1.3.1.28
533	TIGR01831
534	TIGR01963
535	TIGR04316
536	K13818
537	K02617
538	K08699
539	K15669
540	K00661
541	K15913
542	K00633
543	K00640
544	K08279
545	K03819
546	SERINE-O-ACETTRAN-RXN
547	GLUC1PURIDYLTRANS-RXN
548	2.7.7.38
549	2.3.1.89
550	2.3.1.129
551	2.3.1.30
552	2.3.1.201
553	2.3.1.203
554	TIGR01853
555	TIGR04008
556	TIGR02091
557	TIGR03308
558	TIGR03570
559	2.7.7.33
560	2.7.7.24
561	K00983
562	K15899
563	2.7.7.43
564	2.7.7.82
565	TIGR03584
566	TIGR01105
567	PF00753.22
568	PF01473.15
569	K11063
570	K00689
571	TIGR00361
572	TIGR02651
573	TIGR00649
574	TIGR04035
575	K12574
576	K00784
577	TIGR02208
578	PF02169.11
579	PF08139.7
580	K09860
581	PF06835.8
582	PF05860.8
583	TIGR01901
584	PF01810.13
585	K06895
586	K06600
587	PF12704.2
588	K03089
589	K15773
590	K03497
591	K03090
592	TIGR02943
593	TIGR02392
594	TIGR02479
595	TIGR02394
596	PF04703.7
597	PF02470.15
598	K02067
599	K06192
600	TIGR00996
601	PF13411.1
602	K03713
603	K13640
604	TIGR02043
605	PF00149.23
606	K01081
607	TIGR01390
608	TIGR01167
609	K03651
610	K07313
611	K07098
612	K03269
613	3.6.1.54
614	K12350
615	PF04452.9
616	2.1.1.193
617	PF02636.12
618	PF13847.1
619	K03428
620	K00573
621	K00591
622	K02528
623	K00568
624	K15256
625	TIGR01983
626	TIGR01934
627	PF09140.6
628	K03593
629	K04562
630	TIGR03453
631	TIGR01968
632	TIGR01007
633	K03106
634	K02224
635	K03110
636	K01938
637	TIGR00064
638	K10352
639	K08086
640	TIGR01010
641	PF01618.11
642	K03562
643	K02556
644	TIGR02796
645	TIGR03818
646	PF01957.13
647	PF00114.14
648	PF07963.7
649	K02246
650	K02650
651	K02458
652	K02671
653	K10927
654	K02655
655	K02459
656	K02682
657	K02457
658	K08084
659	K02456
660	K02672
661	K10924
662	K08085
663	K12285
664	K10925
665	K10926
666	TIGR01710
667	TIGR01708
668	PF02613.10
669	K00369
670	TIGR00684
671	PF13676.1
672	PF09413.5
673	K12789
674	K12786
675	PF00881.19
676	PF00668.15
677	K00626
678	K12437
679	K12428
680	K00647
681	K01895
682	K12429
683	K01911
684	K03822
685	K12430
686	K15643
687	K12442
688	K04791
689	K12433
690	K04786
691	K12443
692	K15645
693	K12440
694	K12441
695	K14371
696	K15644
697	K11628
698	K12431
699	K12507
700	K04790
701	K12444
702	K04784
703	K15659
704	K04792
705	K16124
706	K15662
707	K12240
708	K16228
709	K12427
710	K12423
711	K12425
712	K16229
713	K02364
714	K11609
715	K12239
716	K04789
717	K04788
718	K04787
719	K12237
720	K04783
721	K12238
722	K12421
723	K15646
724	K12424
725	O-SUCCINYLBENZOATE-COA-LIG-RXN
726	2.3.1.16
727	2.3.1.179
728	6.1.1.13
729	6.2.1.26
730	2.3.1.41
731	2.3.1.111
732	6.2.1.20
733	2.7.7.58
734	TIGR03150
735	TIGR01734
736	TIGR02275
737	TIGR03605
738	K00353
739	PF01909.18
740	PF14860.1
741	2.7.7.n1
742	2.7.7.n6
743	PF03938.9
744	PF12329.3
745	K09291
746	K13582
747	2.4.1.5
748	K11144
749	K03702
750	K12196
751	K01338
752	K13525
753	K03798
754	K03551
755	K04086
756	K02343
757	K03695
758	K02313
759	K02341
760	K10763
761	K01358
762	K03697
763	K13527
764	3.4.21.53-RXN
765	TIGR00382
766	TIGR00390
767	TIGR00678
768	TIGR00194
769	TIGR03345
770	TIGR03922
771	PF00213.13
772	K03222
773	TIGR02544
774	PF02753.12
775	PF00345.15
776	K07353
777	K12519
778	K07346
779	K07357
780	PF03740.8
781	2.6.99.2
782	PF00717.18
783	PF07022.8
784	K07727
785	PF13557.1
786	PF01663.17
787	PF00884.18
788	PF13231.1
789	2.4.2.43
790	PF01522.16
791	K11931
792	3.5.1.104
793	TIGR03933
794	PF13360.1
795	PF05567.6
796	K02674
797	PF13540.1
798	PF00415.13
799	K11494
800	K10615
801	K15421
802	K15072
803	K11060
804	TIGR04211
805	K01447
806	K13714
807	K13695
808	PF13516.1
809	PF12799.2
810	PF09479.5
811	K13730
812	K10641
813	K03749
814	PF00440.18
815	K16138
816	K16137
817	PF00899.16
818	PF13460.1
819	PF07993.7
820	K00014
821	K07748
822	K00027
823	K15789
824	K00091
825	K13013
826	K15912
827	K01711
828	K15894
829	K03606
830	UDPGLUCEPIM-RXN
831	5.1.3.20-RXN
832	5.1.3.25
833	4.2.1.135
834	4.2.1.115
835	4.2.1.45
836	TIGR00507
837	TIGR03023
838	TIGR02354
839	TIGR01214
840	TIGR04180
841	TIGR04130
842	TIGR03589
843	TIGR03025
844	PF05690.9
845	PF02581.12
846	PF01207.12
847	K00459
848	K03149
849	K01814
850	K00788
851	K02443
852	PRIBFAICARPISOM-RXN
853	2.8.1.10
854	TIGR03151
855	TIGR01919
856	TIGR00742
857	TIGR03572
858	PF13462.1
859	PF00265.13
860	K12083
861	PF03349.11
862	K02014
863	K16089
864	K16088
865	K15721
866	K16090
867	TIGR01786
868	TIGR01783
869	PF13103.1
870	K03646
871	TIGR02794
872	K03765
873	PF00486.23
874	K10920
875	TIGR01347
876	PF07238.9
877	K00694
878	K02676
879	PF00023.25
880	PF13637.1
881	K15502
882	K06694
883	K04984
884	PF02661.13
885	K07117
886	2.1.1.43
887	K02407
888	PF07906.8
889	PF03543.9
890	TIGR01586
891	PF12937.2
892	PF00646.28
893	PF05062.7
894	TIGR01168
895	PF04488.10
896	PF12919.2
897	3.5.1.28-RXN
898	PF08460.5
899	K01318
900	3.4.21.19-RXN
901	3.4.21.19
902	K10930
903	TIGR02523
904	TIGR01707
905	TIGR01711
906	PF04156.9
907	K11547
908	K11558
909	K12289
910	K10400
911	K05363
912	K01875
913	SERINE--TRNA-LIGASE-RXN
914	K15350
915	K09760
916	K07803
917	K12211
918	K02496
919	K12065
920	K10398
921	TIGR00833
922	K12086
923	PF04350.8
924	PF04612.7
925	K02462
926	K12280
927	K09816
928	K05876
929	K05877
930	K10937
931	K02660
932	K10961
933	K11037
934	K02663
935	K11033
936	K11036
937	K11034
938	K11035
939	K11238
940	PF04344.8
941	PF04353.8
942	PF00583.19
943	PF13508.1
944	PF13523.1
945	K09994
946	K02348
947	K00619
948	K03824
949	K03828
950	K00657
951	TIGR03585
952	K15896
953	K03817
954	2.3.1.202
955	PF03895.10
956	PF05662.9
957	K12341
958	K05747
959	K07172
960	PF01442.13
961	PF00975.15
962	2.1.1.163
963	2.3.1.9
964	TIGR00128
965	PF02353.15
966	K03439
967	K15471
968	DHHB-METHYLTRANSFER-RXN
969	2.1.1.222
970	2.1.1.64
971	2.1.1.79
972	TIGR02752
973	TIGR03534
974	TIGR02081
975	TIGR00091
976	2.1.1.201
977	2.1.1.197
978	K02493
979	TIGR00138
980	TIGR01444
981	K15257
982	K00575
983	K02661
984	CHER-RXN
985	2.1.1.80
986	ISOCHORMAT-RXN
987	3.3.2.1
988	PF03865.8
989	K07277
990	K11017
991	K07326
992	PF07161.8
993	K14954
994	PF09013.5
995	K13740
996	K01104
997	K04055
998	PF13946.1
999	TIGR02252
1000	CPM-KDOSYNTH-RXN
1001	2.4.99.13
1002	2.4.99.12
1003	PF06306.6
1004	PF13704.1
1005	K13689
1006	PF04888.7
1007	K15345
1008	K13285
1009	K02410
1010	TIGR00207
1011	PF06013.7
1012	PF10824.3
1013	K14956
1014	TIGR03930
1015	K02413
1016	PF06511.6
1017	K13287
1018	TIGR02553
1019	PF00293.23
1020	K03574
1021	K08310
1022	K08311
1023	K12152
1024	K13522
1025	K03207
1026	TIGR00586
1027	PF00126.22
1028	K02521
1029	K03576
1030	K09681
1031	K13634
1032	K02623
1033	K13635
1034	K10972
1035	PF01531.11
1036	PF07922.6
1037	UROGENIIISYN-RXN
1038	K00785
1039	PF00226.26
1040	K03686
1041	K05516
1042	K05801
1043	K09512
1044	TIGR03835
1045	TIGR02349
1046	PF05833.6
1047	K02952
1048	K13792
1049	K16042
1050	PF05211.7
1051	PF02501.12
1052	K02460
1053	PF11530.3
1054	PF04917.7
1055	K12810
1056	K12286
1057	K12277
1058	K02673
1059	PF05946.7
1060	PF08805.6
1061	PF03934.8
1062	K02237
1063	TIGR01259
1064	PF10425.4
1065	PF00746.16
1066	PF02986.9
1067	K14194
1068	K14192
1069	K14201
1070	K13733
1071	K13732
1072	K14195
1073	K14196
1074	PF13620.1
1075	K10130
1076	K14319
1077	K12800
1078	K10281
1079	K16175
1080	K15353
1081	K13791
1082	K15343
1083	K15354
1084	K15347
1085	PF06767.6
1086	PF13461.1
1087	TIGR04308
1088	PF04122.7
1089	PF12211.3
1090	PF07523.7
1091	PF03435.13
1092	K00290
1093	K12445
1094	K02473
1095	6.1.1.11
1096	TIGR00388
1097	PF07996.6
1098	PF08363.5
1099	TIGR03715
1100	TIGR04228
1101	K01430
1102	K14048
1103	TIGR02331
1104	TIGR04264
1105	PF01468.12
1106	K14197
1107	TIGR04226
1108	K14193
1109	TIGR03656
1110	TIGR03658
1111	TIGR03657
1112	TIGR04215
1113	K01197
1114	3.2.1.169
1115	PF05737.7
1116	PF02368.13
1117	K13734
1118	K01727
1119	HYALURONATE-LYASE-RXN
1120	4.2.2.1
1121	PF07581.7
1122	K08643
1123	3.4.24.13
1124	PF12790.2
1125	K11906
1126	TIGR03352
1127	K11918
1128	K12205
1129	PF12822.2
1130	K03202
1131	PF04351.8
1132	PF13981.1
1133	PF13599.1
1134	PF00805.17
1135	PF13979.1
1136	K15352
1137	K12209
1138	PF01814.18
1139	PF13641.1
1140	K00752
1141	PF10111.4
1142	K03669
1143	K00745
1144	K12983
1145	K12988
1146	K12999
1147	2.4.1.305
1148	2.4.1.293
1149	TIGR03965
1150	TIGR03937
1151	TIGR04017
1152	TIGR01556
1153	K13005
1154	2.4.1.303
1155	2.4.1.289
1156	2.4.1.287
1157	PF14305.1
1158	PF01129.13
1159	PF03496.9
1160	PF03545.8
1161	PF09020.5
1162	K11044
1163	3.4.24.83
1164	K15366
1165	K11904
1166	TIGR01646
1167	TIGR03361
1168	K05802
1169	PF03062.14
1170	K03739
1171	PF00852.14
1172	PF13535.1
1173	K01961
1174	K01589
1175	K01921
1176	K01903
1177	K00602
1178	K01945
1179	K05844
1180	PYRUVATE-CARBOXYLASE-RXN
1181	DALADALALIG-RXN
1182	IMPCYCLOHYDROLASE-RXN
1183	6.3.2.4
1184	2.1.3.2
1185	TIGR00514
1186	TIGR01205
1187	TIGR00355
1188	K13713
1189	SAICARSYN-RXN
1190	4.1.1.21
1191	6.3.2.6
1192	2.1.2.2
1193	6.3.4.13
1194	6.3.3.1
1195	K12455
1196	K10011
1197	K12453
1198	TIGR01472
1199	K00773
1200	K00344
1201	K11611
1202	TIGR01289
1203	TIGR01133
1204	PF07883.6
1205	2.7.8.31
1206	K05374
1207	K01071
1208	K04778
1209	PF07859.8
1210	TRIACYLGLYCEROL-LIPASE-RXN
1211	PF00561.15
1212	K06130
1213	K01046
1214	PF11647.3
1215	K08680
1216	K10953
1217	TIGR03695
1218	K01048
1219	K02170
1220	K00641
1221	K01055
1222	K15649
1223	K12242
1224	K05714
1225	K03821
1226	K13129
1227	K13703
1228	K08726
1229	TIGR01249
1230	PF01764.20
1231	K15487
1232	PF00891.13
1233	K09846
1234	PF02485.16
1235	PF13505.1
1236	K06076
1237	K07804
1238	K16078
1239	PF01389.12
1240	K02557
1241	K16191
1242	K12216
1243	PF01617.12
1244	K07275
1245	K10936
1246	PF05736.6
1247	PF07239.6
1248	PF03797.14
1249	K12678
1250	K12680
1251	K12679
1252	K07279
1253	K12681
1254	K12682
1255	K12684
1256	K12683
1257	K12686
1258	TIGR01414
1259	PF04335.8
1260	K03203
1261	K12081
1262	K12095
1263	PF06188.7
1264	K01879
1265	PF13229.1
1266	K01347
1267	3.4.21.72-RXN
1268	3.4.21.72
1269	TIGR01376
1270	K12687
1271	K12685
1272	K12688
1273	K11568
1274	PF12334.3
1275	PF02691.10
1276	K03162
1277	PF13144.1
1278	K02386
1279	TIGR03170
1280	TIGR03177
1281	PF04886.7
1282	K16087
1283	TIGR01785
1284	TIGR01776
1285	K16152
1286	K13836
1287	PF04101.11
1288	PF13528.1
1289	K02563
1290	2.4.1.227
1291	3.6.1.57
1292	TIGR03590
1293	K11055
1294	PF03433.8
1295	K15344
1296	PF02205.15
1297	PF06346.7
1298	PF09424.5
1299	K09117
1300	K02461
1301	PF10741.4
1302	PHOSPHOLIPASE-A1-RXN
1303	K03760
1304	K01002
1305	K11042
1306	PF00577.15
1307	K07354
1308	K12518
1309	PF00165.18
1310	K10778
1311	K13652
1312	K13632
1313	K02099
1314	K02508
1315	K02854
1316	K02855
1317	K06599
1318	K12243
1319	K05372
1320	K13653
1321	K03755
1322	K05804
1323	K14063
1324	K10923
1325	1.14.13.59-RXN
1326	PF05802.6
1327	K15346
1328	K15903
1329	K11005
1330	K06237
1331	K08131
1332	K12544
1333	K11029
1334	3.4.24.40
1335	PF01755.12
1336	K07270
1337	PF04932.10
1338	PF01203.14
1339	K02463
1340	K13953
1341	K00148
1342	TIGR03989
1343	TIGR01751
1344	K16023
1345	PF01032.13
1346	K02075
1347	TIGR04011
1348	PF13326.1
1349	PF01289.14
1350	K11031
1351	PF03495.9
1352	K11030
1353	K08599
1354	PF11996.3
1355	PF04183.7
1356	K03894
1357	K03895
1358	6.3.2.39
1359	6.3.2.38
1360	PF05130.7
1361	K02399
1362	PF14393.1
1363	PF01501.15
1364	K03276
1365	K03278
1366	K03279
1367	K00750
1368	PF11051.3
1369	K12107
1370	PF01298.13
1371	PF03567.9
1372	PF04185.9
1373	PHOSPHOLIPASE-C-RXN
1374	3.1.4.3
1375	TIGR03396
1376	PF07271.6
1377	PF05220.7
1378	TIGR03839
1379	PF11104.3
1380	K03569
1381	K03590
1382	TIGR00904
1383	TIGR01174
1384	TIGR01175
1385	K12279
1386	PF02876.12
1387	PF03642.8
1388	K11040
1389	K11043
1390	K14204
1391	K12515
1392	PF13400.1
1393	PF02668.11
1394	K03119
1395	PF00657.17
1396	K15349
1397	K11018
1398	PF02597.15
1399	K01139
1400	K00951
1401	K07816
1402	K03154
1403	PPGPPSYN-RXN
1404	2.7.6.5
1405	TIGR00691
1406	K13790
1407	PF00410.14
1408	PF00620.22
1409	PF13600.1
1410	PF11047.3
1411	K13739
1412	PF03372.18
1413	K01106
1414	TIGR03395
1415	K11014
1416	K01142
1417	3.1.11.2-RXN
1418	K07341
1419	PF04956.8
1420	K03197
1421	K12078
1422	PF03724.11
1423	K03668
1424	PF02918.10
1425	K11024
1426	K11025
1427	PF09025.5
1428	K04052
1429	TIGR02509
1430	PF05591.7
1431	K11901
1432	TIGR03358
1433	PF02575.11
1434	PF01943.12
1435	PF13440.1
1436	K06409
1437	PF08238.7
1438	K15475
1439	K15474
1440	K14026
1441	PF09613.5
1442	TIGR02561
1443	K03528
1444	K14650
1445	PF06416.7
1446	PF13574.1
1447	PF01478.13
1448	K02464
1449	K02654
1450	K10966
1451	K02506
1452	3.4.23.43
1453	PF08764.5
1454	K14200
1455	PF01244.16
1456	PF03102.9
1457	K15898
1458	2.5.1.101
1459	2.5.1.97
1460	TIGR03569
1461	TIGR03586
1462	PF04610.9
1463	K03201
1464	K12084
1465	K07344
1466	PF04316.8
1467	K02398
1468	TIGR03824
1469	PF01312.14
1470	K03229
1471	K02401
1472	K13820
1473	K04061
1474	TIGR01404
1475	TIGR00328
1476	TIGR00789
1477	PF05546.6
1478	PF08450.7
1479	TIGR03866
1480	K03896
1481	2.3.1.102
1482	PF08988.5
1483	K04050
1484	TIGR02501
1485	PF00419.15
1486	K12517
1487	K07348
1488	K07352
1489	K07351
1490	K12523
1491	K07349
1492	K07355
1493	K12521
1494	K12520
1495	K07350
1496	K07356
1497	PF09160.5
1498	PF05229.10
1499	PF06128.6
1500	PF09785.4
1501	PF10997.3
1502	PF01474.11
1503	TIGR01358
1504	K03195
1505	K06236
1506	PF07487.8
1507	K13741
1508	PF01734.17
1509	K06900
1510	K15477
1511	PF01311.15
1512	K03228
1513	K02421
1514	TIGR01401
1515	TIGR01400
1516	K02799
1517	K03118
1518	PF01313.14
1519	K02420
1520	K03227
1521	TIGR01403
1522	TIGR01402
1523	PF13605.1
1524	TIGR02791
1525	PF00482.18
1526	K02653
1527	K02505
1528	K02455
1529	K12278
1530	K10934
1531	TIGR02120
1532	PF01973.13
1533	K12247
1534	PF00813.15
1535	K03226
1536	K02419
1537	TIGR01102
1538	PF05372.6
1539	K11039
1540	PF07373.6
1541	K11045
1542	PF11966.3
1543	PF04989.7
1544	PF05377.6
1545	PF05050.7
1546	K00595
1547	PF03347.8
1548	K11019
1549	PF13485.1
1550	3.4.24.3-RXN
1551	PF01856.12
1552	K15848
1553	K15845
1554	K15847
1555	K15843
1556	K15844
1557	PF06622.6
1558	K03225
1559	PF01052.15
1560	K02416
1561	K02417
1562	TIGR02480
1563	TIGR02551
1564	TIGR01397
1565	PF08660.6
1566	K07276
1567	PF02811.14
1568	K07053
1569	K02847
1570	MANNPGUANYLTRANGDP-RXN
1571	PF05547.6
1572	PF09471.5
1573	PF05936.7
1574	K11893
1575	TIGR03353
1576	K09997
1577	K10039
1578	K02424
1579	K13243
1580	PF03781.11
1581	PF11439.3
1582	PF02338.14
1583	PF02698.12
1584	PF06580.8
1585	K08082
1586	PF00765.12
1587	K13061
1588	K13060
1589	PF04954.8
1590	PF02743.13
1591	PF07419.7
1592	PF03572.13
1593	K03797
1594	3.4.21.102
1595	PF00771.15
1596	K02400
1597	K03230
1598	TIGR01399
1599	TIGR01398
1600	PF05704.7
1601	PF02534.9
1602	K03205
1603	K12090
1604	TIGR02767
1605	K12217
1606	PF05932.8
1607	K04049
1608	TIGR02513
1609	TIGR02503
1610	PF09392.5
1611	K04053
1612	TIGR02497
1613	TIGR02105
1614	K03221
1615	PF03498.9
1616	K11015
1617	K11013
1618	PF14200.1
1619	PF10610.4
1620	K04336
1621	PF07811.7
1622	K12513
1623	PF04964.9
1624	PF07321.7
1625	K04056
1626	PF02050.11
1627	TIGR02559
1628	PF04619.7
1629	PF03333.8
1630	PF13994.1
1631	PF03621.8
1632	K05375
1633	K16227
1634	PF09599.5
1635	K13286
1636	PF09264.5
1637	K01186
1638	3.2.1.18-RXN
1639	K04524
1640	K08757
1641	PF05400.8
1642	K02423
1643	K06604
1644	PF08794.5
1645	PF03631.10
1646	TIGR00765
1647	PF06366.8
1648	K03516
1649	PF05721.8
1650	TIGR01762
1651	PF02794.11
1652	K07389
1653	PF05844.7
1654	PF10574.4
1655	PF09052.5
1656	K13284
1657	PF07603.6
1658	PF06578.7
1659	K04054
1660	PF09482.5
1661	TIGR02555
1662	PF12277.3
1663	PF04792.7
1664	PF07395.6
1665	PF12892.2
1666	TIGR03786
1667	PF03421.11
1668	K08598
1669	K13478
1670	PF03992.11
1671	1.14.99.48
1672	PF03536.10
1673	K13450
1674	PF09480.5
1675	TIGR02554
1676	PF02917.9
1677	K11023
1678	K07218
1679	5.1.3.-
1680	K13925
1681	PF05134.8
1682	PF12693.2
1683	K11032
1684	K10948
1685	TIGR01002
1686	PF02049.13
1687	K02408
1688	TIGR00205
1689	PF03504.8
1690	PF03497.11
1691	PF03646.10
1692	K06603
1693	PF09474.5
1694	TIGR02502
1695	PF05302.6
1696	PF00267.16
1697	K08720
1698	K14062
1699	K09475
1700	K16076
1701	PF01950.11
1702	PF11186.3
1703	PF05593.9
1704	K11021
1705	PF06864.7
1706	PF05947.7
1707	K11896
1708	TIGR03359
1709	K12790
1710	K13735
1711	PF00630.14
1712	PF05925.7
1713	PF04166.7
1714	K00097
1715	1.1.1.262
1716	TIGR00557
1717	PF07201.6
1718	K04058
1719	TIGR02568
1720	PF09059.5
1721	PF02623.10
1722	PF03100.10
1723	K02197
1724	PF09850.4
1725	K11892
1726	TIGR03349
1727	PF12252.3
1728	K13192
1729	K15473
1730	PF02163.17
1731	K04772
1732	K04771
1733	K08372
1734	K04691
1735	K02452
1736	TIGR00054
1737	TIGR02038
1738	TIGR02037
1739	PF05101.8
1740	K03198
1741	K12079
1742	K12068
1743	PF10671.4
1744	K10962
1745	TIGR03748
1746	PF05394.6
1747	PF01375.12
1748	K10928
1749	PF05775.7
1750	PF03284.8
1751	PF05563.7
1752	PF05983.6
1753	PF09432.5
1754	PF01774.12
1755	K03190
1756	PF03734.9
1757	PF04230.8
1758	K00102
1759	UDPNACETYLMURAMATEDEHYDROG-RXN
1760	1.3.1.98
1761	TIGR00179
1762	K12982
1763	K02849
1764	TIGR02201
1765	PF03888.9
1766	PF03767.9
1767	PF00314.12
1768	PF09619.5
1769	TIGR02567
1770	PF07180.6
1771	PF11546.3
1772	PF12356.3
1773	PF06305.6
1774	K08600
1775	TIGR01076
1776	PF02495.12
1777	PF10462.4
1778	PF03482.8
1779	PF11182.3
1780	K15125
1781	K11016
1782	PF07824.7
1783	PF12718.2
1784	PF01117.15
1785	PF03318.8
1786	PF15644.1
1787	PF09961.4
1788	PF07577.6
1789	PF08817.5
1790	TIGR03920
1791	TIGR02882
1792	PF13672.1
1793	PF12097.3
1794	K10964
1795	PF13362.1
1796	PF06977.6
1797	PF02048.11
1798	PF04741.7
1799	PF06069.6
1800	PF04449.7
1801	PF12059.3
1802	PF09028.5
1803	PF13539.1
1804	PF13041.1
1805	PF01441.14
1806	K05967
1807	PF14891.1
1808	K08644
1809	3.4.24.69-RXN
1810	3.4.24.68-RXN
1811	3.4.24.69
1812	3.4.24.68
1813	PF08090.6
1814	PF05689.6
1815	PF13327.1
1816	PF08786.6
1817	PF05108.8
1818	TIGR03919
1819	PF02510.9
1820	PF12574.3
1821	PF06523.6
1822	PF14855.1
1823	PF07434.6
1824	PF03519.9
1825	PF14897.1
1826	PF08408.5
1827	PF06041.6
1828	PF10106.4
1829	PF05538.6
1830	PF08929.5
1831	PF14491.1
1832	PF14282.1
1833	PF14093.1
1834	PF05141.7
1835	PF11550.3
1836	PF05058.7
1837	PF01744.15
1838	PF13079.1
1839	PF09621.5
1840	TIGR02572
1841	PF03732.12
1842	PF08017.6
1843	PF00617.14
1844	PF07216.7
1845	TIGR02573
1846	PF06590.6
1847	PF13930.1
1848	K15051
1849	3.1.21.1-RXN
1850	PF09143.5
1851	PF09037.5
1852	K13052
1853	K10954
1854	PF14011.1
1855	PF13289.1
1856	PF11441.3
1857	PF13573.1
1858	PF13387.1
1859	PF06066.6
1860	PF05555.6
1861	PF13475.1
1862	K12080
1863	K12206
1864	TIGR00929
1865	PF02467.11
1866	PF05150.7
1867	PF09023.5
1868	PF13678.1
1869	PF02090.10
1870	PF14794.1
1871	PF14296.1
1872	PF04991.8
1873	K07271
1874	PF01709.15
1875	TIGR01033
1876	PF08020.6
1877	PF14264.1
1878	PF05488.8
1879	PF13665.1
1880	PF07065.9
1881	PF03963.9
1882	K02389
1883	K06872
1884	PF02120.11
1885	K02414
1886	TIGR02514
1887	K04057
1888	PF09255.5
1889	PF14113.1
1890	K03772
1891	K03774
1892	K03775
1893	TIGR00959
1894	K00857
1895	K00867
1896	K02474
1897	GDP-MANNOSE-6-DEHYDROGENASE-RXN
1898	1.1.1.136
1899	1.1.1.132
1900	K06923
1901	TIGR00631
1902	K13643
1903	TIGR02944
1904	TIGR00738
1905	K00146
1906	K14269
1907	K00131
1908	K08324
1909	K00147
1910	1.2.1.9-RXN
1911	ACETALD-DEHYDROG-RXN
1912	1.2.1.79
1913	TIGR01804
1914	TIGR00150
1915	TIGR01967
1916	K03466
1917	TIGR03925
1918	TIGR03924
1919	K06925
1920	K02111
1921	K02133
1922	K02112
1923	K02132
1924	K03628
1925	K02412
1926	TIGR01039
1927	TIGR00962
1928	TIGR00767
1929	TIGR02546
1930	TIGR03496
1931	TIGR03498
1932	K12053
1933	K12108
1934	K14540
1935	K06942
1936	K06943
1937	TIGR00475
1938	TIGR03594
1939	TIGR00436
1940	TIGR03597
1941	TIGR00450
1942	TIGR03596
1943	K02519
1944	K02837
1945	K00955
1946	3.6.5.n1
1947	TIGR00484
1948	TIGR01394
1949	TIGR01393
1950	TIGR00503
1951	TIGR00487
1952	K14338
1953	K00517
1954	K15981
1955	K00513
1956	1.14.13.141
1957	K13038
1958	K01925
1959	UDP-NACMURALA-GLU-LIG-RXN
1960	K02552
1961	K01665
1962	K03342
1963	K13503
1964	K01851
1965	K13063
1966	4.2.99.21
1967	TIGR00553
1968	TIGR03494
1969	ANTHRANSYN-RXN
1970	K01664
1971	K01951
1972	K13497
1973	TIGR01368
1974	K03152
1975	K07010
1976	TIGR01855
1977	TIGR00313
1978	K01937
1979	CTPSYN-RXN
1980	TIGR00337
1981	TIGR01737
1982	K03768
1983	TIGR02818
1984	2.3.1.174
1985	K03557
1986	K06597
1987	K06598
1988	TIGR00368
1989	K03581
1990	K02198
1991	K07399
1992	TIGR03144
1993	K02396
1994	K02390
1995	K02392
1996	K02388
1997	K02391
1998	TIGR02492
1999	TIGR02488
2000	TIGR01395
2001	6.3.2.1
2002	TIGR00018
2003	K00859
2004	K13829
2005	2.7.4.9
2006	2.7.1.24
2007	TIGR00235
2008	K01564
2009	K01468
2010	K01466
2011	K01465
2012	K07047
2013	K08710
2014	K01443
2015	ALLANTOINASE-RXN
2016	TIGR00857
2017	TIGR01792
2018	K06019
2019	K07015
2020	TIGR01993
2021	K01089
2022	K02566
2023	TIGR00213
2024	K13019
2025	K08068
2026	5.1.3.23
2027	3.2.1.184
2028	TIGR00236
2029	TIGR03568
2030	K00980
2031	K00852
2032	K00856
2033	K00874
2034	2.7.7.39-RXN
2035	2.7.1.15
2036	2.7.7.70
2037	2.7.7.39
2038	TIGR02199
2039	TIGR00097
2040	TIGR02198
2041	TIGR03828
2042	TIGR03168
2043	K00941
2044	PYRIMSYN3-RXN
2045	2.7.1.20
2046	TIGR01510
2047	K00969
2048	TIGR00482
2049	TIGR01318
2050	K09808
2051	K09811
2052	K01835
2053	K03431
2054	PHOSMANMUT-RXN
2055	5.4.2.10
2056	5.4.2.2
2057	TIGR03990
2058	TIGR01132
2059	K00820
2060	K07106
2061	K03699
2062	K06189
2063	IMP-DEHYDROG-RXN
2064	L-GLN-FRUCT-6-P-AMINOTRANS-RXN
2065	2.6.1.16
2066	1.1.1.205
2067	TIGR01135
2068	K12961
2069	K00605
2070	K00609
2071	K00611
2072	ORNCARBAMTRANSFER-RXN
2073	K00764
2074	K01950
2075	K01916
2076	PRPPAMIDOTRANS-RXN
2077	K04618
2078	K08368
2079	K03761
2080	K05819
2081	K08151
2082	K08221
2083	K08167
2084	K08195
2085	K02575
2086	TIGR00710
2087	K08159
2088	K03762
2089	K08225
2090	K03535
2091	K02445
2092	K13021
2093	K03292
2094	K03449
2095	TIGR00883
2096	TIGR00886
2097	K07784
2098	K02429
2099	K03305
2100	K11069
2101	K02055
2102	K02027
2103	K10938
2104	TIGR03261
2105	K02034
2106	K02053
2107	K11070
2108	K02054
2109	K02018
2110	K05814
2111	K02047
2112	K02038
2113	TIGR01253
2114	K02029
2115	K02037
2116	TIGR02138
2117	TIGR00974
2118	K08088
2119	K01151
2120	K14647
2121	K14743
2122	3.4.21.110
2123	K12257
2124	K03072
2125	K03074
2126	TIGR01129
2127	K01928
2128	K15792
2129	K01924
2130	K11754
2131	TIGR01499
2132	TIGR04012
2133	K00912
2134	2.7.1.130
2135	K03294
2136	K03293
2137	K03758
2138	K16238
2139	TIGR03810
2140	TIGR03813
2141	TIGR01713
2142	K14170
2143	K04092
2144	K04782
2145	K04516
2146	TIGR01803
2147	K01433
2148	K00607
2149	METHIONYL-TRNA-FORMYLTRANSFERASE-RXN
2150	FORMYLTHFDEFORMYL-RXN
2151	TIGR00460
2152	TIGR00639
2153	K00648
2154	TIGR02445
2155	K00869
2156	K00872
2157	K00938
2158	HOMOSERKIN-RXN
2159	2.7.1.168
2160	TIGR00549
2161	TIGR01220
2162	K07309
2163	K05299
2164	TIGR01580
2165	K00819
2166	K07250
2167	K00836
2168	DAPASYN-RXN
2169	2.6.1.11
2170	5.4.3.8
2171	TIGR00713
2172	TIGR00709
2173	K03644
2174	K03639
2175	K06139
2176	K11780
2177	2.8.1.6-RXN
2178	2.8.1.8
2179	TIGR00510
2180	TIGR02351
2181	TIGR02666
2182	K08297
2183	K00252
2184	K09456
2185	K11731
2186	K00249
2187	ACYLCOADEHYDROG-RXN
2188	ACYL-COA-DEHYDROGENASE-NADP+-RXN
2189	1.3.99.-
2190	K02234
2191	TIGR00101
2192	K01935
2193	K13788
2194	DETHIOBIOTIN-SYN-RXN
2195	PHOSACETYLTRANS-RXN
2196	6.3.3.3
2197	K02344
2198	TIGR00664
2199	1.1.1.94
2200	1.1.1.44
2201	TIGR00872
2202	6.3.2.9
2203	K08259
2204	K08642
2205	K03810
2206	K00010
2207	K13016
2208	1.1.1.335
2209	TIGR03944
2210	K04785
2211	K12241
2212	K03820
2213	TIGR00546
2214	TIGR00517
2215	K12543
2216	K12538
2217	K08721
2218	K07796
2219	K00995
2220	PHOSCHOL-RXN
2221	K13940
2222	K00950
2223	K01673
2224	K02441
2225	K03480
2226	K03491
2227	K01783
2228	TIGR01163
2229	K07258
2230	K01286
2231	K07262
2232	K01453
2233	K08698
2234	TETHYDPICSUCC-RXN
2235	TIGR00965
2236	K06929
2237	K00997
2238	2.7.8.7
2239	TIGR00556
2240	K10105
2241	2.3.1.181
2242	TIGR03926
2243	K01585
2244	K01581
2245	4.1.1.20
2246	4.1.1.96
2247	K02433
2248	K01426
2249	TIGR00132
2250	K03733
2251	K04763
2252	K14059
2253	K07358
2254	TIGR02225
2255	K02495
2256	K04034
2257	TIGR01579
2258	TIGR00539
2259	TIGR04107
2260	K03101
2261	3.4.23.36
2262	TIGR00077
2263	K06959
2264	K11605
2265	K11606
2266	K06286
2267	K01637
2268	ISOCIT-CLEAV-RXN
2269	TIGR01346
2270	K04068
2271	TIGR03470
2272	TIGR02346
2273	K04773
2274	3.4.21.92
2275	K03771
2276	K03770
2277	K03604
2278	K03487
2279	K03485
2280	TIGR01481
2281	K01200
2282	K00700
2283	K01236
2284	K05343
2285	K01182
2286	K06044
2287	TRE6PHYDRO-RXN
2288	3.2.1.141
2289	5.4.99.16
2290	TIGR02403
2291	TIGR02402
2292	K06016
2293	TIGR03176
2294	TIGR00180
2295	TIGR02947
2296	K08309
2297	K03194
2298	K07090
2299	K12100
2300	K03980
2301	TIGR00797
2302	K01000
2303	K02851
2304	2.7.8.33
2305	2.7.8.13
2306	TIGR00445
2307	TIGR02380
2308	K04051
2309	TIGR02508
2310	K00946
2311	THI-P-KIN-RXN
2312	TIGR01736
2313	TIGR01379
2314	TIGR00476
2315	K01627
2316	TIGR01362
2317	K01448
2318	TIGR02520
2319	K03277
2320	K01429
2321	K03570
2322	K14394
2323	K03741
2324	K07497
2325	K01716
2326	3-HYDROXYDECANOYL-ACP-DEHYDR-RXN
2327	TIGR01750
2328	TIGR01749
2329	K09826
2330	K09825
2331	K03103
2332	K14410
2333	K05589
2334	K01442
2335	CHOLOYLGLYCINE-HYDROLASE-RXN
2336	K01787
2337	K15490
2338	K11604
2339	K11704
2340	K09818
2341	K02415
2342	K02387
2343	TIGR01396
2344	TIGR02489
2345	K15481
2346	K02409
2347	TIGR00206
2348	K11890
2349	K12210
2350	K11891
2351	TIGR03348
2352	K02406
2353	K02397
2354	TIGR02550
2355	K10963
2356	K11898
2357	K15914
2358	K13012
2359	2.7.8.36
2360	K12082
2361	K12048
2362	K12092
2363	K10931
2364	K07214
2365	K07017
2366	K15476
2367	K12099
2368	K08076
2369	K12220
2370	K13688
2371	K12093
2372	K12085
2373	TIGR02781
2374	K12049
2375	K12212
2376	K03803
2377	K07227
2378	K07225
2379	TIGR01688
2380	K08990
2381	K01401
2382	K08605
2383	3.4.24.26-RXN
2384	3.4.24.30-RXN
2385	3.4.24.25
2386	3.4.24.29
2387	3.4.24.26
2388	3.4.24.30
2389	K02194
2390	TIGR01190
2391	K13110
2392	K06220
2393	K12516
2394	TIGR00350
2395	K13742
2396	K13743
2397	K12787
2398	4.2.2.15
2399	K12269
2400	K12208
2401	K12207
2402	K14728
2403	K01007
2404	2.7.3.9-RXN
2405	TIGR01418
2406	TIGR01417
2407	K15479
2408	K11900
2409	TIGR03355
2410	K07282
2411	K07268
2412	K06214
2413	K12105
2414	K12103
2415	2.3.1.122
2416	K11911
2417	K11910
2418	K11902
2419	TIGR03363
2420	TIGR03362
2421	K02402
2422	K03411
2423	K11048
2424	K10932
2425	K04080
2426	K13993
2427	K04062
2428	K06077
2429	K10933
2430	TIGR03021
2431	K12784
2432	K02418
2433	K12225
2434	K11056
2435	K12797
2436	K12097
2437	K12223
2438	K02066
2439	TIGR00056
2440	TIGR01704
2441	K04565
2442	K04334
2443	K04335
2444	K07052
2445	K06940
2446	K12593
2447	K03933
2448	K15351
2449	K15488
2450	K10599
2451	K11038
2452	K02465
2453	TIGR01004
2454	K11009
2455	K15484
2456	K12514
2457	K11897
2458	K11905
2459	TIGR03357
2460	K00681
2461	K11022
2462	K00483
2463	K12214
2464	K12215
2465	K15482
2466	K15483
2467	K11008
2468	K10929
2469	K05373
2470	TIGR02718
2471	K02196
2472	K10973
2473	TIGR02431
2474	K11052
2475	K11020
2476	K11058
2477	K12224
2478	K07154
2479	K03181
2480	4.1.3.40
2481	K03191
2482	K12101
2483	K04337
2484	K02403
2485	K14202
2486	K13793
2487	K06858
2488	TIGR03659
2489	K12522
2490	K12089
2491	K14745
2492	K15842
2493	K01525
2494	K03187
2495	K12098
2496	K01178
2497	K16041
2498	K02394
2499	K12788
2500	K12809
2501	K12785
2502	K12091
2503	K12221
2504	K03563
2505	TIGR00202
2506	K11011
2507	K08566
2508	K13520
2509	3.4.23.48
2510	K11895
2511	TIGR03347
2512	K02044
2513	TIGR00363
2514	K06602
2515	K11007
2516	K12104
2517	K07215
2518	K12213
2519	TIGR03064
2520	K08587
2521	TIGR02806
2522	K15367
2523	K11027
2524	K12219
2525	K11046
2526	K02675
2527	K06601
2528	K10532
2529	K07266
2530	K07265
2531	K06137
2532	K12106
2533	K03188
2534	K10919
2535	K13715
2536	K08258
2537	K11026
2538	K15491
2539	K04048
2540	K02425
2541	TIGR03823
2542	K12202
2543	TIGR04346
2544	K12470
2545	K02393
2546	K12763
2547	K16081
2548	K12548
2549	TIGR03661
2550	K07813
2551	K12102
2552	K11006
2553	K10939
2554	K12109
2555	K14198
2556	K12096
2557	K11012
2558	K15126
2559	K12204
2560	K14814
2561	K15478
2562	K02422
2563	TIGR00208
2564	K12094
2565	K12287
2566	K07116
2567	3.5.1.97
2568	K06887
2569	K11903
2570	K10952
2571	K11010
2572	K12218
2573	K04338
2574	K08239
2575	K10935
2576	K11128
2577	K12088
2578	K12222
2579	K12110
2580	K11047
2581	PMPOXI-RXN
2582	TIGR00558
2583	LIPIDADISACCHARIDESYNTH-RXN
2584	TIGR00215
2585	PGLUCISOM-RXN
2586	BIOTINLIG-RXN
2587	6.3.4.15
2588	TIGR00121
2589	2.7.8.12-RXN
2590	2.7.8.12
2591	3.1.4.10-RXN
2592	4.6.1.13
2593	RXN-11372
2594	1.1.1.130
2595	1.1.1.350
2596	2.5.1.31
2597	2.5.1.86
2598	2.5.1.68
2599	3.4.22.10
2600	1.11.1.21
2601	TIGR00198
2602	4.4.1.21
2603	4.2.2.3
2604	5.3.3.17
2605	4.3.2.3
2606	TIGR03834
2607	TIGR03836
2608	TIGR01221
2609	TIGR01436
2610	TIGR00223
2611	TIGR00278
2612	TIGR01741
2613	TIGR03604
2614	TIGR02498
2615	TIGR03360
2616	TIGR03923
2617	TIGR03932
2618	TIGR01409
2619	TIGR03927
2620	TIGR03897
2621	TIGR03893
2622	TIGR03603
2623	TIGR03755
